Title,Source,Link,Content,Title_Content
Purbaya hendak terbitkan aturan berantas pakaian bekas impor – Kenapa produk ilegal itu sulit ditangani?,BBC Indonesia,https://www.bbc.com/indonesia/articles/c9q1yy48ndeo,"Sumber gambar, ANTARA
Menteri Keuangan Purbaya Yudhi Sadewa berencana menerbitkan peraturan menteri keuangan, sebagai upaya lanjutan memberantas peredaran pakaian bekas di Indonesia.
Purbaya belum memerinci detail aturan baru itu, tapi ia menyebut beleid itu akan memperkuat peraturan menteri perdagangan (Permendag) yang telah ada, karena akan memuat beragam sanksi seperti denda atau pencabutan izin impor.
Pelarangan impor pakaian bekas telah termaktub dalam Peraturan Menteri Perdagangan Nomor 40 Tahun 2022.
Pengamat menilai rencana penerbitan aturan tambahan terkait larangan impor pakaian bekas oleh Purbaya ""tidak diperlukan"".
Ekonom Bright Institute Muhammad Andri Perdana mengatakan, masalah mendasar menjamurnya pakaian impor terletak pada penindakan hukum yang lemah, bukan pada ketiadaan aturan.
Akhir dari Paling banyak dibaca
""Kalau Permendag efektif, sebenarnya sudah cukup untuk mengurangi pakaian bekas,"" kata Andri kepada BBC News Indonesia, Selasa (28/10).
Seorang pedagang pakaia","Purbaya hendak terbitkan aturan berantas pakaian bekas impor – Kenapa produk ilegal itu sulit ditangani?

Sumber gambar, ANTARA
Menteri Keuangan Purbaya Yudhi Sadewa berencana menerbitkan peraturan menteri keuangan, sebagai upaya lanjutan memberantas peredaran pakaian bekas di Indonesia.
Purbaya belum memerinci detail aturan baru itu, tapi ia menyebut beleid itu akan memperkuat peraturan menteri perdagangan (Permendag) yang telah ada, karena akan memuat beragam sanksi seperti denda atau pencabutan izin impor.
Pelarangan impor pakaian bekas telah termaktub dalam Peraturan Menteri Perdagangan Nomor 40 Tahun 2022.
Pengamat menilai rencana penerbitan aturan tambahan terkait larangan impor pakaian bekas oleh Purbaya ""tidak diperlukan"".
Ekonom Bright Institute Muhammad Andri Perdana mengatakan, masalah mendasar menjamurnya pakaian impor terletak pada penindakan hukum yang lemah, bukan pada ketiadaan aturan.
Akhir dari Paling banyak dibaca
""Kalau Permendag efektif, sebenarnya sudah cukup untuk mengurangi pakaian bekas,"" kata Andri kepada BBC News Indonesia, Selasa (28/10).
Seorang pedagang pakaia"
"Prabowo siap kirim pasukan perdamaian ke Gaza, Netanyahu berkata 'Israel yang menentukan'",BBC Indonesia,https://www.bbc.com/indonesia/articles/c0l74e4l2pwo,"Sumber gambar, Anadolu via Getty Images
Presiden Prabowo Subianto mengatakan siap menempatkan pasukan di Gaza dalam upaya mewujudkan rencana perdamaian yang diinisiasi Presiden Amerika Serikat Donald Trump.
Kesiapan Indonesia itu disampaikan Prabowo di KTT ASEAN-Amerika Serikat di Kuala Lumpur, Malaysia, yang turut dihadiri Trump pada 26 Oktober 2025.
Namun, rencana itu sampai saat ini belum menemui titik terang, terlebih setelah Israel berkeras bahwa mereka merupakan pihak yang berwenang menentukan negara asing yang boleh terlibat dalam pasukan perdamaian itu.
""Kami memegang kendali atas keamanan kami, dan kami juga telah menegaskan bahwa terkait pasukan internasional, Israel akan menentukan pasukan mana yang tidak dapat kami terima, dan beginilah cara kami beroperasi dan akan terus beroperasi,"" kata Perdana Menteri Israel, Benjamin Netanyahu.
Israel telah menolak niatan Turki untuk ikut serta dalam pasukan perdamaian di Gaza.
Akhir dari Paling banyak dibaca
Adapun Yordania menyatakan","Prabowo siap kirim pasukan perdamaian ke Gaza, Netanyahu berkata 'Israel yang menentukan'

Sumber gambar, Anadolu via Getty Images
Presiden Prabowo Subianto mengatakan siap menempatkan pasukan di Gaza dalam upaya mewujudkan rencana perdamaian yang diinisiasi Presiden Amerika Serikat Donald Trump.
Kesiapan Indonesia itu disampaikan Prabowo di KTT ASEAN-Amerika Serikat di Kuala Lumpur, Malaysia, yang turut dihadiri Trump pada 26 Oktober 2025.
Namun, rencana itu sampai saat ini belum menemui titik terang, terlebih setelah Israel berkeras bahwa mereka merupakan pihak yang berwenang menentukan negara asing yang boleh terlibat dalam pasukan perdamaian itu.
""Kami memegang kendali atas keamanan kami, dan kami juga telah menegaskan bahwa terkait pasukan internasional, Israel akan menentukan pasukan mana yang tidak dapat kami terima, dan beginilah cara kami beroperasi dan akan terus beroperasi,"" kata Perdana Menteri Israel, Benjamin Netanyahu.
Israel telah menolak niatan Turki untuk ikut serta dalam pasukan perdamaian di Gaza.
Akhir dari Paling banyak dibaca
Adapun Yordania menyatakan"
"Disekap, disetrum, dan dipukul hingga babak belur: Pengakuan WNI yang menyelamatkan diri dari perusahaan scam di Kamboja",BBC Indonesia,https://www.bbc.com/indonesia/articles/c4gzd4y9rvno,"Sumber gambar, EPA
Ratusan WNI kabur dari perusahaan scam di Kamboja yang mempekerjakan mereka. Kepada BBC News Indonesia, seorang korban yang berhasil melarikan diri menyebut pengalaman di sana sebagai sebuah horor yang meninggalkan trauma sampai sekarang.
Kementerian Luar Negeri Indonesia menyatakan terdapat 110 WNI yang telah didata. Mayoritas korban, Kemlu mengklaim, sudah dipulangkan ke Indonesia setelah menjalani pemeriksaan di kantor keimigrasian Kamboja.
Masalah bermula dari unggahan video di TikTok yang memperlihatkan puluhan WNI berjalan beramai-ramai di sebuah area yang teridentifikasi di Chrey Thum, Kandal, Kamboja, pada 17 Oktober 2025.
Video disertai teks bertuliskan: ""Berhasil kabur dari gedung scam di Chrey Thum."" Video tersebut lalu viral dan hingga sekarang views-nya tembus di atas 10 juta.
Baca juga:
Korban yang dihubungi BBC News Indonesia mengaku peristiwa kaburnya ratusan WNI dari perusahaan tersebut dipicu perlakuan yang tidak manusiawi. Korban turut menegaskan d","Disekap, disetrum, dan dipukul hingga babak belur: Pengakuan WNI yang menyelamatkan diri dari perusahaan scam di Kamboja

Sumber gambar, EPA
Ratusan WNI kabur dari perusahaan scam di Kamboja yang mempekerjakan mereka. Kepada BBC News Indonesia, seorang korban yang berhasil melarikan diri menyebut pengalaman di sana sebagai sebuah horor yang meninggalkan trauma sampai sekarang.
Kementerian Luar Negeri Indonesia menyatakan terdapat 110 WNI yang telah didata. Mayoritas korban, Kemlu mengklaim, sudah dipulangkan ke Indonesia setelah menjalani pemeriksaan di kantor keimigrasian Kamboja.
Masalah bermula dari unggahan video di TikTok yang memperlihatkan puluhan WNI berjalan beramai-ramai di sebuah area yang teridentifikasi di Chrey Thum, Kandal, Kamboja, pada 17 Oktober 2025.
Video disertai teks bertuliskan: ""Berhasil kabur dari gedung scam di Chrey Thum."" Video tersebut lalu viral dan hingga sekarang views-nya tembus di atas 10 juta.
Baca juga:
Korban yang dihubungi BBC News Indonesia mengaku peristiwa kaburnya ratusan WNI dari perusahaan tersebut dipicu perlakuan yang tidak manusiawi. Korban turut menegaskan d"
"Pasukan internasional tidak akan mau menegakkan perdamaian di Gaza, kata Raja Yordania",BBC Indonesia,https://www.bbc.com/indonesia/articles/c20pr6gjn1go,"Sumber gambar, BBC Panorama
Negara-negara akan menolak permintaan untuk ""menegakkan"" perdamaian di Gaza berdasarkan rencana gencatan senjata Trump, kata Raja Abdullah dari Yordania kepada BBC.
Berdasarkan rencana perdamaian berisi 20 butir yang digagas Presiden AS, Donald Trump, negara-negara Arab dan mitra internasional akan mengerahkan pasukan stabilisasi.
Pasukan ini ""akan melatih dan memberikan dukungan kepada kepolisian Palestina yang telah diseleksi di Gaza, dan akan berkonsultasi dengan Yordania dan Mesir yang memiliki pengalaman luas di bidang ini.""
Menurut rencana perdamaian itu, Hamas akan melucuti senjata dan menyerahkan kendali politik atas Gaza.
""Apa mandat pasukan keamanan di dalam Gaza? Kami berharap menjaga perdamaian, karena jika penegakan perdamaian, tidak ada yang mau menyentuhnya,"" kata Raja Abdullah.
Akhir dari Paling banyak dibaca
Dalam wawancara eksklusif dengan BBC Panorama, Raja Abdullah mengatakan bahwa Yordania dan Mesir bersedia melatih pasukan keamanan Pale","Pasukan internasional tidak akan mau menegakkan perdamaian di Gaza, kata Raja Yordania

Sumber gambar, BBC Panorama
Negara-negara akan menolak permintaan untuk ""menegakkan"" perdamaian di Gaza berdasarkan rencana gencatan senjata Trump, kata Raja Abdullah dari Yordania kepada BBC.
Berdasarkan rencana perdamaian berisi 20 butir yang digagas Presiden AS, Donald Trump, negara-negara Arab dan mitra internasional akan mengerahkan pasukan stabilisasi.
Pasukan ini ""akan melatih dan memberikan dukungan kepada kepolisian Palestina yang telah diseleksi di Gaza, dan akan berkonsultasi dengan Yordania dan Mesir yang memiliki pengalaman luas di bidang ini.""
Menurut rencana perdamaian itu, Hamas akan melucuti senjata dan menyerahkan kendali politik atas Gaza.
""Apa mandat pasukan keamanan di dalam Gaza? Kami berharap menjaga perdamaian, karena jika penegakan perdamaian, tidak ada yang mau menyentuhnya,"" kata Raja Abdullah.
Akhir dari Paling banyak dibaca
Dalam wawancara eksklusif dengan BBC Panorama, Raja Abdullah mengatakan bahwa Yordania dan Mesir bersedia melatih pasukan keamanan Pale"
Kontradiksi gelar pahlawan nasional untuk Marsinah dan Soeharto – 'Ini manipulasi politik dan sejarah yang luar biasa',BBC Indonesia,https://www.bbc.com/indonesia/articles/c24l9eep2y5o,"Sumber gambar, AFP via Getty Images
Para akademisi dan aktivis menilai usulan gelar pahlawan nasional untuk Marsinah dan Soeharto secara bersamaan sebagai ""upaya transaksional dan manipulasi sejarah"" untuk ""menutup pintu keadilan"" dan ""menghapus dosa rezim"" terhadap pelanggaran hak asasi manusia masa lalu.
Peneliti Institut Kajian Krisis dan Strategi Pembangunan Alternatif, Ruth Indiah Rahayu, menilai pengusulan Marsinah sebagai pahlawan nasional merupakan cara lain dari pemerintah agar publik bisa menerima pengusulan Soeharto sebagai pahlawan nasional. 
Padahal, kasus pembunuhan Marsinah terjadi pada era pemerintahan Soeharto. Pemerintah pada masa itu dituduh tidak serius dalam mengusut tuntas kasusnya. Bahkan, pemerintah saat itu diduga terlibat dalam upaya rekayasa persidangan yang menghasilkan pembebasan para terdakwa di tingkat kasasi. 
""Sekarang, [Soeharto] disandingkan dengan Marsinah. Ingat, kasus pembunuhannya belum ada keadilan, belum diakui negara. Kok tiba-tiba dikasih gela","Kontradiksi gelar pahlawan nasional untuk Marsinah dan Soeharto – 'Ini manipulasi politik dan sejarah yang luar biasa'

Sumber gambar, AFP via Getty Images
Para akademisi dan aktivis menilai usulan gelar pahlawan nasional untuk Marsinah dan Soeharto secara bersamaan sebagai ""upaya transaksional dan manipulasi sejarah"" untuk ""menutup pintu keadilan"" dan ""menghapus dosa rezim"" terhadap pelanggaran hak asasi manusia masa lalu.
Peneliti Institut Kajian Krisis dan Strategi Pembangunan Alternatif, Ruth Indiah Rahayu, menilai pengusulan Marsinah sebagai pahlawan nasional merupakan cara lain dari pemerintah agar publik bisa menerima pengusulan Soeharto sebagai pahlawan nasional. 
Padahal, kasus pembunuhan Marsinah terjadi pada era pemerintahan Soeharto. Pemerintah pada masa itu dituduh tidak serius dalam mengusut tuntas kasusnya. Bahkan, pemerintah saat itu diduga terlibat dalam upaya rekayasa persidangan yang menghasilkan pembebasan para terdakwa di tingkat kasasi. 
""Sekarang, [Soeharto] disandingkan dengan Marsinah. Ingat, kasus pembunuhannya belum ada keadilan, belum diakui negara. Kok tiba-tiba dikasih gela"
Bahasa Portugis masuk sekolah – 'Pengajar di Indonesia tidak sampai lima orang',BBC Indonesia,https://www.bbc.com/indonesia/articles/cdrzg7xrrnko,"Sumber gambar, AFP via Getty Images
Presiden Prabowo Subianto menginstruksikan bahasa Portugis diajarkan di sekolah. Para pengamat pendidikan mempertanyakan kesiapan infrastruktur dan tenaga pengajar karena anak-anak berpotensi menjadi korban kebijakan spontan tanpa berpegang penelitian mendalam.
Dari Ethnologue, bahasa Portugis memang masuk 10 besar bahasa yang memiliki penutur cukup banyak di dunia. Jumlahnya mencapai 266,6 juta penutur. 
Persoalannya dari jumlah tersebut, jumlah penutur bahasa Portugis bahkan yang mampu mengajar hanya sedikit sekali di Indonesia. 
“Pengajar bahasa Portugis di Indonesia itu tidak sampai lima orang, termasuk saya. Apalagi yang mengajar khusus bahasa Portugis Brasil,” ujar Gladhys Elliona yang berprofesi sebagai pengajar dan penerjemah bahasa Portugis Brasil.
Hal ini tentu akan menjadi kendala jika dipaksakan masuk menjadi mata pelajaran di sekolah.
Akhir dari Paling banyak dibaca
""Kalau begitu kan, apa urgensinya? Pengajaran bahasa asing di sekolah it","Bahasa Portugis masuk sekolah – 'Pengajar di Indonesia tidak sampai lima orang'

Sumber gambar, AFP via Getty Images
Presiden Prabowo Subianto menginstruksikan bahasa Portugis diajarkan di sekolah. Para pengamat pendidikan mempertanyakan kesiapan infrastruktur dan tenaga pengajar karena anak-anak berpotensi menjadi korban kebijakan spontan tanpa berpegang penelitian mendalam.
Dari Ethnologue, bahasa Portugis memang masuk 10 besar bahasa yang memiliki penutur cukup banyak di dunia. Jumlahnya mencapai 266,6 juta penutur. 
Persoalannya dari jumlah tersebut, jumlah penutur bahasa Portugis bahkan yang mampu mengajar hanya sedikit sekali di Indonesia. 
“Pengajar bahasa Portugis di Indonesia itu tidak sampai lima orang, termasuk saya. Apalagi yang mengajar khusus bahasa Portugis Brasil,” ujar Gladhys Elliona yang berprofesi sebagai pengajar dan penerjemah bahasa Portugis Brasil.
Hal ini tentu akan menjadi kendala jika dipaksakan masuk menjadi mata pelajaran di sekolah.
Akhir dari Paling banyak dibaca
""Kalau begitu kan, apa urgensinya? Pengajaran bahasa asing di sekolah it"
"Prabowo restui pembentukan Ditjen Pesantren di Kemenag, apa urgensinya?",BBC Indonesia,https://www.bbc.com/indonesia/articles/c9wv89pd999o,"Sumber gambar, ANTARA FOTO/Putra M. Akbar
Presiden Prabowo Subianto merestui usulan pembentukan Direktorat Jenderal (Ditjen) Pesantren di Kementerian Agama. 
""Saya merestui usulan dibentuknya Direktorat Jenderal Pesantren,"" kata Prabowo, saat memberi sambutan dalam agenda Hari Santri Nasional, Jumat (25/10).
Prabowo menyebut, pemberian restu dibentuknya Ditjen Pesantren menunjukkan prioritas strategis pemerintah untuk semakin memperhatikan, melindungi, dan memperkuat posisi pesantren di Indonesia.
Sebelumnya, Menteri Sekretaris Negara (Mensesneg) Prasetyo Hadi mengungkapkan terkait alasan Presiden Prabowo membentuk Ditjen Pesantren yang rupanya bermula dari peristiwa di Ponpes Al Khoziny
Akibat tragedi tersebut, Prabowo merasa perlu memberikan perhatian lebih kepada ponpes di Indonesia. 
Akhir dari Paling banyak dibaca
""Dari peristiwa itu kita mendapatkan fakta bahwa nampaknya kita semua pemerintah perlu untuk memberikan perhatian yang lebih kepada pondok-pondok pesantren,"" beber Prase","Prabowo restui pembentukan Ditjen Pesantren di Kemenag, apa urgensinya?

Sumber gambar, ANTARA FOTO/Putra M. Akbar
Presiden Prabowo Subianto merestui usulan pembentukan Direktorat Jenderal (Ditjen) Pesantren di Kementerian Agama. 
""Saya merestui usulan dibentuknya Direktorat Jenderal Pesantren,"" kata Prabowo, saat memberi sambutan dalam agenda Hari Santri Nasional, Jumat (25/10).
Prabowo menyebut, pemberian restu dibentuknya Ditjen Pesantren menunjukkan prioritas strategis pemerintah untuk semakin memperhatikan, melindungi, dan memperkuat posisi pesantren di Indonesia.
Sebelumnya, Menteri Sekretaris Negara (Mensesneg) Prasetyo Hadi mengungkapkan terkait alasan Presiden Prabowo membentuk Ditjen Pesantren yang rupanya bermula dari peristiwa di Ponpes Al Khoziny
Akibat tragedi tersebut, Prabowo merasa perlu memberikan perhatian lebih kepada ponpes di Indonesia. 
Akhir dari Paling banyak dibaca
""Dari peristiwa itu kita mendapatkan fakta bahwa nampaknya kita semua pemerintah perlu untuk memberikan perhatian yang lebih kepada pondok-pondok pesantren,"" beber Prase"
"Tolak atlet Israel, Indonesia disanksi penyelenggara Olimpiade – Bagaimana kontroversinya?",BBC Indonesia,https://www.bbc.com/indonesia/articles/czew4wd67jro,"Sumber gambar, ANTARA FOTO/Bayu Pratama S
Pemerintah Indonesia tetap pada pendirian tidak memberikan visa kepada atlet-atlet Israel—walau berbuntut sanksi dari Komite Olimpiade Internasional (IOC).
Menteri Pemuda dan Olahraga, Erick Thohir, mengatakan keputusan IOC tak menghalangi rencana Indonesia dalam mengirim atlet di kejuaraan dunia.
""Jangan sampai seakan-akan dunia kita, dunia olahraga berhenti total, tidak. Tetap kita mendorong, sesuai dengan blueprint kita,"" kata Erick dalam konferensi pers di Jakarta, Jumat (24/10).
Kendati demikian, Erick mengatakan, pemerintah bersama Komite Olimpiade Indonesia (KOI) dan pengurus cabang olahraga (PB) akan tetap menjaga komunikasi dengan IOC maupun federasi internasional lainnya.
Posisi Indonesia saat ini, ""Ada Undang-Undang 1945, dan kita juga mendukung daripada solidarity tentu olahraga nasional, apalagi internasional, tidak ada diskriminasi, tetapi secara bersamaan kita, juga masalah isu keamanan menjadi penting,"" kata Erick.
Akhir dari Pa","Tolak atlet Israel, Indonesia disanksi penyelenggara Olimpiade – Bagaimana kontroversinya?

Sumber gambar, ANTARA FOTO/Bayu Pratama S
Pemerintah Indonesia tetap pada pendirian tidak memberikan visa kepada atlet-atlet Israel—walau berbuntut sanksi dari Komite Olimpiade Internasional (IOC).
Menteri Pemuda dan Olahraga, Erick Thohir, mengatakan keputusan IOC tak menghalangi rencana Indonesia dalam mengirim atlet di kejuaraan dunia.
""Jangan sampai seakan-akan dunia kita, dunia olahraga berhenti total, tidak. Tetap kita mendorong, sesuai dengan blueprint kita,"" kata Erick dalam konferensi pers di Jakarta, Jumat (24/10).
Kendati demikian, Erick mengatakan, pemerintah bersama Komite Olimpiade Indonesia (KOI) dan pengurus cabang olahraga (PB) akan tetap menjaga komunikasi dengan IOC maupun federasi internasional lainnya.
Posisi Indonesia saat ini, ""Ada Undang-Undang 1945, dan kita juga mendukung daripada solidarity tentu olahraga nasional, apalagi internasional, tidak ada diskriminasi, tetapi secara bersamaan kita, juga masalah isu keamanan menjadi penting,"" kata Erick.
Akhir dari Pa"
"Mikroplastik dalam air hujan di Jakarta – 'Bukan air hujannya yang berbahaya, tapi udaranya'",BBC Indonesia,https://www.bbc.com/indonesia/articles/czxkn1wnwxlo,"Sumber gambar, Silvano Hajid/BBC News Indonesia
Ada serat plastik dalam pakaian berbahan poliester yang mungkin sering Anda kenakan, hingga serat ban mobil di jalan, dalam air hujan di pesisir Jakarta, menurut penelitian BRIN (Badan Riset dan Inovasi Nasional). Namun, bahaya yang mengintai bukan dari air hujannya, melainkan partikel-partikel mikroplastik yang tak kasat mata di udara dan bisa dihirup manusia, sebelum air hujan 'membersihkan' udara di sekitar kita di ibu kota.
Kabar baiknya, menurut ahli, air hujan itu pada umumnya cenderung tidak berbahaya. 
Namun, kabar buruknya, udara yang mengandung mikroplastik dan terhirup manusia bisa membahayakan sistem pernapasan.
Penelitian itu berlangsung pada 2022 selama 12 bulan dan dari sampel yang dikumpulkan terdapat tiga sampai 40 partikel, atau rata-rata sekitar 15 partikel per meter persegi setiap hari.
""Jadi bayangkan kalau ada rumah seluas 1.000 meter persegi, bisa jadi 15.000 partikel jatuh ke dalam rumah itu,"" ujar Muhamad Reza Cor","Mikroplastik dalam air hujan di Jakarta – 'Bukan air hujannya yang berbahaya, tapi udaranya'

Sumber gambar, Silvano Hajid/BBC News Indonesia
Ada serat plastik dalam pakaian berbahan poliester yang mungkin sering Anda kenakan, hingga serat ban mobil di jalan, dalam air hujan di pesisir Jakarta, menurut penelitian BRIN (Badan Riset dan Inovasi Nasional). Namun, bahaya yang mengintai bukan dari air hujannya, melainkan partikel-partikel mikroplastik yang tak kasat mata di udara dan bisa dihirup manusia, sebelum air hujan 'membersihkan' udara di sekitar kita di ibu kota.
Kabar baiknya, menurut ahli, air hujan itu pada umumnya cenderung tidak berbahaya. 
Namun, kabar buruknya, udara yang mengandung mikroplastik dan terhirup manusia bisa membahayakan sistem pernapasan.
Penelitian itu berlangsung pada 2022 selama 12 bulan dan dari sampel yang dikumpulkan terdapat tiga sampai 40 partikel, atau rata-rata sekitar 15 partikel per meter persegi setiap hari.
""Jadi bayangkan kalau ada rumah seluas 1.000 meter persegi, bisa jadi 15.000 partikel jatuh ke dalam rumah itu,"" ujar Muhamad Reza Cor"
WNA kini bisa jadi bos BUMN – Apa untung dan ruginya untuk Indonesia?,BBC Indonesia,https://www.bbc.com/indonesia/articles/c6205kej324o,"Sumber gambar, ANTARA FOTO/Aditya Pradana Putra
Pemerintah Indonesia membuka kesempatan warga negara asing (WNA) duduk di posisi strategis BUMN. Sejumlah kalangan menyoroti dasar hukum, aturan turunan, iklim praktik bagi-bagi jabatan sampai transparansi rekrutmen.
""Saya sudah mengubah regulasinya. Sekarang ekspatriat, non-Indonesia, bisa memimpin BUMN kita,"" kata Presiden Prabowo Subianto saat diskusi bersama Chairman and Editor in Chief Forbes, Steve Forbes di Hotel St Regis, Jakarta, Rabu (15/10).
Hal ini tak lepas dari instruksinya kepada Badan Pengelola Investasi Daya Anagata Nusantara (BPI Danantara) menjalankan ""standar bisnis internasional"".
Prabowo juga memerintahkan BPI Danantara memangkas tiga perempat jumlah BUMN dari sekitar 1.000 perusahaan.
Dia yakin, jika jumlah perusahaan pelat merah dipangkas, bukan tidak mungkin imbal hasil keuntungan BUMN bisa lebih besar dirasakan negara. 
Akhir dari Paling banyak dibaca
""Jadi saya yakin imbal hasil 1% atau 2% bisa meningkat, harus","WNA kini bisa jadi bos BUMN – Apa untung dan ruginya untuk Indonesia?

Sumber gambar, ANTARA FOTO/Aditya Pradana Putra
Pemerintah Indonesia membuka kesempatan warga negara asing (WNA) duduk di posisi strategis BUMN. Sejumlah kalangan menyoroti dasar hukum, aturan turunan, iklim praktik bagi-bagi jabatan sampai transparansi rekrutmen.
""Saya sudah mengubah regulasinya. Sekarang ekspatriat, non-Indonesia, bisa memimpin BUMN kita,"" kata Presiden Prabowo Subianto saat diskusi bersama Chairman and Editor in Chief Forbes, Steve Forbes di Hotel St Regis, Jakarta, Rabu (15/10).
Hal ini tak lepas dari instruksinya kepada Badan Pengelola Investasi Daya Anagata Nusantara (BPI Danantara) menjalankan ""standar bisnis internasional"".
Prabowo juga memerintahkan BPI Danantara memangkas tiga perempat jumlah BUMN dari sekitar 1.000 perusahaan.
Dia yakin, jika jumlah perusahaan pelat merah dipangkas, bukan tidak mungkin imbal hasil keuntungan BUMN bisa lebih besar dirasakan negara. 
Akhir dari Paling banyak dibaca
""Jadi saya yakin imbal hasil 1% atau 2% bisa meningkat, harus"
Kampung di Buton meminjam aksara Korea demi lestarikan bahasa Cia-Cia yang terancam punah – Berhasilkah mereka?,BBC Indonesia,https://www.bbc.com/indonesia/articles/cvgk77kjx54o,"Sumber gambar, BBC/Anindita Pradana
Sebuah kampung di Pulau Buton, Sulawesi Tenggara, meminjam aksara Hangeul dari Korea Selatan dengan misi melestarikan bahasa asli mereka, bahasa Cia-Cia, yang terancam punah.
Adaptasi aksara Hangeul ini dilakukan di Kampung Karya Baru, Sorowalio, Baubau sejak 2010. Bagi warga di sana, program ini membanggakan karena membuat kampung kecil mereka disorot dunia
Namun setelah 15 tahun upaya ini berjalan, adaptasi aksara Hangeul di kampung ini masih terbatas.
Sebuah penelitian yang dipublikasikan pada 2024 menyimpulkan bahwa penggunaan aksara Hangeul ternyata tidak membantu pelestarian bahasa Cia-Cia. Mengapa?
Sumber gambar, BBC/Anindita Pradana
할때 빠싸르 까르야바루
Akhir dari Paling banyak dibaca
Kalimat dengan aksara Hangeul itu terpampang di sebuah halte di depan pasar tradisional. Ini bukan di Korea Selatan, tapi di Kampung Karya Baru.
""Bacanya, 'Halte Pasar Karya Baru',"" kata pelajar berusia 15 tahun di Kampung Karya Baru, Intan Ayu Meilani.
Di sekitar halte","Kampung di Buton meminjam aksara Korea demi lestarikan bahasa Cia-Cia yang terancam punah – Berhasilkah mereka?

Sumber gambar, BBC/Anindita Pradana
Sebuah kampung di Pulau Buton, Sulawesi Tenggara, meminjam aksara Hangeul dari Korea Selatan dengan misi melestarikan bahasa asli mereka, bahasa Cia-Cia, yang terancam punah.
Adaptasi aksara Hangeul ini dilakukan di Kampung Karya Baru, Sorowalio, Baubau sejak 2010. Bagi warga di sana, program ini membanggakan karena membuat kampung kecil mereka disorot dunia
Namun setelah 15 tahun upaya ini berjalan, adaptasi aksara Hangeul di kampung ini masih terbatas.
Sebuah penelitian yang dipublikasikan pada 2024 menyimpulkan bahwa penggunaan aksara Hangeul ternyata tidak membantu pelestarian bahasa Cia-Cia. Mengapa?
Sumber gambar, BBC/Anindita Pradana
할때 빠싸르 까르야바루
Akhir dari Paling banyak dibaca
Kalimat dengan aksara Hangeul itu terpampang di sebuah halte di depan pasar tradisional. Ini bukan di Korea Selatan, tapi di Kampung Karya Baru.
""Bacanya, 'Halte Pasar Karya Baru',"" kata pelajar berusia 15 tahun di Kampung Karya Baru, Intan Ayu Meilani.
Di sekitar halte"
Prabowo ingin Indonesia punya mobil nasional dalam tiga tahun – Apa yang bisa dipelajari dari kegagalan mobil Timor dan Esemka?,BBC Indonesia,https://www.bbc.com/indonesia/articles/c2dr4rz524jo,"Sumber gambar, YASUYOSHI CHIBA/AFP via Getty Images
Tepat pada satu tahun pemerintahannya, Presiden Prabowo Subianto mengungkap bahwa Indonesia akan memiliki mobil buatan dalam negeri.
Prabowo menyebut mobil buatan dalam negeri itu sebagai ""jip"" buatan Indonesia.
""Kita akan punya mobil buatan Indonesia dalam tiga tahun yang akan datang,"" ujar Prabowo dalam sidang kabinet paripurna yang diikuti oleh seluruh jajaran Kabinet Merah Putih, pada Senin (20/10).
Prabowo menjelaskan, dirinya sudah mengalokasikan dana dan menyiapkan lahan untuk pabrik mobil buatan dalam negeri itu.
""Sekarang tim sedang bekerja,"" tambahnya.
Akhir dari Paling banyak dibaca
Ambisi Prabowo itu disikapi anak buahnya dengan memasukkan mobil nasional menjadi Proyek Strategis Nasional (PSN).
Sementara itu, ketua Gabungan Industri Kendaraan Bermotor Indonesia (Gaikindo) Jongkie Sugiarto pun menyambut rencana itu.
""Kami, Gaikindo mendukung program pemerintah mengenai mobil Indonesia ini. Kami tunggu sampai peraturan-perat","Prabowo ingin Indonesia punya mobil nasional dalam tiga tahun – Apa yang bisa dipelajari dari kegagalan mobil Timor dan Esemka?

Sumber gambar, YASUYOSHI CHIBA/AFP via Getty Images
Tepat pada satu tahun pemerintahannya, Presiden Prabowo Subianto mengungkap bahwa Indonesia akan memiliki mobil buatan dalam negeri.
Prabowo menyebut mobil buatan dalam negeri itu sebagai ""jip"" buatan Indonesia.
""Kita akan punya mobil buatan Indonesia dalam tiga tahun yang akan datang,"" ujar Prabowo dalam sidang kabinet paripurna yang diikuti oleh seluruh jajaran Kabinet Merah Putih, pada Senin (20/10).
Prabowo menjelaskan, dirinya sudah mengalokasikan dana dan menyiapkan lahan untuk pabrik mobil buatan dalam negeri itu.
""Sekarang tim sedang bekerja,"" tambahnya.
Akhir dari Paling banyak dibaca
Ambisi Prabowo itu disikapi anak buahnya dengan memasukkan mobil nasional menjadi Proyek Strategis Nasional (PSN).
Sementara itu, ketua Gabungan Industri Kendaraan Bermotor Indonesia (Gaikindo) Jongkie Sugiarto pun menyambut rencana itu.
""Kami, Gaikindo mendukung program pemerintah mengenai mobil Indonesia ini. Kami tunggu sampai peraturan-perat"
'Sekarang sudah lega' – Mengapa putusan MK jadi kabar bahagia masyarakat adat yang tinggal di hutan?,BBC Indonesia,https://www.bbc.com/indonesia/articles/c9v1yk2nx1ko,"Sumber gambar, AFP via Getty Images
Masyarakat adat yang hidup turun temurun di dalam hutan kini sudah bisa ""bernapas lega"" mengelola lahan untuk kebutuhan hidup.
Sebelumnya mereka khawatir, karena selama ini setiap pengelola hutan—termasuk perorangan—wajib meminta izin berusaha. Perorangan ini dapat ditafsirkan pada masyarakat adat yang tinggal di hutan secara turun temurun.
Akibatnya, mereka masuk sebagai salah satu sasaran Satgas Penertiban Kawasan Hutan (PKH) untuk dikenakan denda administrasi serta lahannya dikuasai negara, menurut lembaga lingkungan.
Namun, Mahkamah Konstitusi (MK) pada Kamis (16/10), membatalkan klausul yang terdapat dalam Undang Undang Cipta Kerja ini.
""Mereka [masyarakat adat] dapat melanjutkan kehidupannya dengan baik-baik saja,"" kata Direktur Eksekutif Sawit Watch, Achmad Surambo. Sawit Watch menjadi salah satu pemohon uji materi UU Cipta Kerja terkait hal ini, selain Indonesian Human Rights Committee for Social Justice (IHCS).
Akhir dari Paling banyak dibac","'Sekarang sudah lega' – Mengapa putusan MK jadi kabar bahagia masyarakat adat yang tinggal di hutan?

Sumber gambar, AFP via Getty Images
Masyarakat adat yang hidup turun temurun di dalam hutan kini sudah bisa ""bernapas lega"" mengelola lahan untuk kebutuhan hidup.
Sebelumnya mereka khawatir, karena selama ini setiap pengelola hutan—termasuk perorangan—wajib meminta izin berusaha. Perorangan ini dapat ditafsirkan pada masyarakat adat yang tinggal di hutan secara turun temurun.
Akibatnya, mereka masuk sebagai salah satu sasaran Satgas Penertiban Kawasan Hutan (PKH) untuk dikenakan denda administrasi serta lahannya dikuasai negara, menurut lembaga lingkungan.
Namun, Mahkamah Konstitusi (MK) pada Kamis (16/10), membatalkan klausul yang terdapat dalam Undang Undang Cipta Kerja ini.
""Mereka [masyarakat adat] dapat melanjutkan kehidupannya dengan baik-baik saja,"" kata Direktur Eksekutif Sawit Watch, Achmad Surambo. Sawit Watch menjadi salah satu pemohon uji materi UU Cipta Kerja terkait hal ini, selain Indonesian Human Rights Committee for Social Justice (IHCS).
Akhir dari Paling banyak dibac"
Kematian mahasiswa Timothy Anugerah dan dugaan perundungan di Universitas Udayana,BBC Indonesia,https://www.bbc.com/indonesia/articles/cn7eg3rk0kjo,"Sumber gambar, Instagram Universitas Udayana
Kematian Timothy Anugerah Saputera (22) yang diduga melompat dari salah satu gedung di Universitas Udayana, Bali, memunculkan spekulasi perundungan yang diduga dialaminya. 
Dugaan perundungan di perguruan tinggi tersebut mengemuka setelah seorang mahasiswa, Timothy Anugerah Saputra, ditemukan terkapar di halaman gedung FISIP setelah melompat dari lantai empat gedung fakultas itu pada Rabu (15/10).
Timothy dinyatakan meninggal setelah sempat mendapatkan perawatan di rumah sakit.  
Kondisi Timothy saat itu tersebar di grup Whatsapp sebagian mahasiswa yang tergabung di himpunan mahasiswa dan Badan Eksekutif Mahasiswa (BEM). 
Alih-alih bersimpati dan berempati, para mahasiswa di grup tersebut malah mengolok-olok.
Obrolan nirempati di grup pesan mahasiswa universitas itu viral di media sosial dan menuai amarah warganet.
Universitas Udayana kemudian mengeluarkan pernyataan pada Jumat (17/10). 
Dalam pernyataan itu, disebut isi percakapan terjadi s","Kematian mahasiswa Timothy Anugerah dan dugaan perundungan di Universitas Udayana

Sumber gambar, Instagram Universitas Udayana
Kematian Timothy Anugerah Saputera (22) yang diduga melompat dari salah satu gedung di Universitas Udayana, Bali, memunculkan spekulasi perundungan yang diduga dialaminya. 
Dugaan perundungan di perguruan tinggi tersebut mengemuka setelah seorang mahasiswa, Timothy Anugerah Saputra, ditemukan terkapar di halaman gedung FISIP setelah melompat dari lantai empat gedung fakultas itu pada Rabu (15/10).
Timothy dinyatakan meninggal setelah sempat mendapatkan perawatan di rumah sakit.  
Kondisi Timothy saat itu tersebar di grup Whatsapp sebagian mahasiswa yang tergabung di himpunan mahasiswa dan Badan Eksekutif Mahasiswa (BEM). 
Alih-alih bersimpati dan berempati, para mahasiswa di grup tersebut malah mengolok-olok.
Obrolan nirempati di grup pesan mahasiswa universitas itu viral di media sosial dan menuai amarah warganet.
Universitas Udayana kemudian mengeluarkan pernyataan pada Jumat (17/10). 
Dalam pernyataan itu, disebut isi percakapan terjadi s"
Indonesia pulangkan dua warga UK terpidana mati dan seumur hidup kasus narkoba – Apa alasannya?,BBC Indonesia,https://www.bbc.com/indonesia/articles/c9v1y873gk3o,"Sumber gambar, SONNY TUMBELAKA/AFP via Getty Images
Pemerintah Indonesia akan memulangkan dua warga negara UK yang merupakan terpidana mati dan seumur hidup kasus narkotika, Lindsay June Sandiford (68) dan Shahab Shahabadi (35). Apa alasan di balik pemulangan mereka?
Kesepakatan ini diwakili Menteri Koordinator Bidang Hukum, HAM, Imigrasi, dan Pemasyarakatan, Yusril Ihza Mahendra dan Sekretaris Negara untuk Urusan Luar Negeri, Persemakmuran, dan Pembangunan Kerajaan Bersatu (United Kingdom/UK), Yvette Cooper.
Pemulangan ini tertuang dalam berkas penandatanganan bersama yakni Practical Arrangement terkait Transfer of Sentenced Person (TSP) yang ditandatangani  dua pemerintah, Selasa (21/10). 
“Kami sepakat memindahkan tahanan ke UK. Perjanjian telah ditandatangani,” kata Yusril dalam jumpa pers di Jakarta.
Kesepakatan ini sekaligus menjadi tindak lanjut hubungan kerja sama hukum kedua negara terkait kemanusiaan dan penghormatan terhadap hak asasi manusia, ujar Yusril. 
Akhir dari Paling","Indonesia pulangkan dua warga UK terpidana mati dan seumur hidup kasus narkoba – Apa alasannya?

Sumber gambar, SONNY TUMBELAKA/AFP via Getty Images
Pemerintah Indonesia akan memulangkan dua warga negara UK yang merupakan terpidana mati dan seumur hidup kasus narkotika, Lindsay June Sandiford (68) dan Shahab Shahabadi (35). Apa alasan di balik pemulangan mereka?
Kesepakatan ini diwakili Menteri Koordinator Bidang Hukum, HAM, Imigrasi, dan Pemasyarakatan, Yusril Ihza Mahendra dan Sekretaris Negara untuk Urusan Luar Negeri, Persemakmuran, dan Pembangunan Kerajaan Bersatu (United Kingdom/UK), Yvette Cooper.
Pemulangan ini tertuang dalam berkas penandatanganan bersama yakni Practical Arrangement terkait Transfer of Sentenced Person (TSP) yang ditandatangani  dua pemerintah, Selasa (21/10). 
“Kami sepakat memindahkan tahanan ke UK. Perjanjian telah ditandatangani,” kata Yusril dalam jumpa pers di Jakarta.
Kesepakatan ini sekaligus menjadi tindak lanjut hubungan kerja sama hukum kedua negara terkait kemanusiaan dan penghormatan terhadap hak asasi manusia, ujar Yusril. 
Akhir dari Paling"
"Eks Kapolres Ngada divonis 19 tahun penjara, terbukti cabuli tiga anak dan unggah video di situs porno Australia",BBC Indonesia,https://www.bbc.com/indonesia/articles/cqx0q9dj5e8o,"Sumber gambar, Yufengki Bria/detikBali
Mantan Kapolres Ngada, AKBP Fajar Widyadharma Lukman Sumaatmaja, divonis 19 tahun penjara oleh majelis hakim Pengadilan Negeri (PN) Kupang, NTT, Selasa (21/10) dalam kasus dugaan kekerasan seksual terhadap tiga anak perempuan. 
Vonis ini lebih rendah satu tahun dari tuntutan 20 tahun oleh jaksa penuntut umum.
""Menjatuhkan pidana kepada terdakwa oleh karena itu dengan pidana penjara selama 19 tahun,"" kata Ketua Majelis Hakim AA Gede Agung Parnata saat membacakan amar putusan, Selasa (21/10).
Selain hukuman kurungan, Fajar juga diwajibkan membayar uang denda sebesar Rp5 milyar, seperti dilaporkan wartawan Eliazar Robert untuk BBC News Indonesia.
Apabila dia tidak bisa membayarnya, maka diganti hukuman satu tahun penjara.
Akhir dari Paling banyak dibaca
Fajar juga diwajibkan majelis hakim membayar restitusi sebesar Rp 359.162.000 sesuai tuntutan jaksa sebelumnya subsider 1 tahun 4 bulan penjara.
Majelis hakim menyebut Fajar layak dihukum 19 tahun pid","Eks Kapolres Ngada divonis 19 tahun penjara, terbukti cabuli tiga anak dan unggah video di situs porno Australia

Sumber gambar, Yufengki Bria/detikBali
Mantan Kapolres Ngada, AKBP Fajar Widyadharma Lukman Sumaatmaja, divonis 19 tahun penjara oleh majelis hakim Pengadilan Negeri (PN) Kupang, NTT, Selasa (21/10) dalam kasus dugaan kekerasan seksual terhadap tiga anak perempuan. 
Vonis ini lebih rendah satu tahun dari tuntutan 20 tahun oleh jaksa penuntut umum.
""Menjatuhkan pidana kepada terdakwa oleh karena itu dengan pidana penjara selama 19 tahun,"" kata Ketua Majelis Hakim AA Gede Agung Parnata saat membacakan amar putusan, Selasa (21/10).
Selain hukuman kurungan, Fajar juga diwajibkan membayar uang denda sebesar Rp5 milyar, seperti dilaporkan wartawan Eliazar Robert untuk BBC News Indonesia.
Apabila dia tidak bisa membayarnya, maka diganti hukuman satu tahun penjara.
Akhir dari Paling banyak dibaca
Fajar juga diwajibkan majelis hakim membayar restitusi sebesar Rp 359.162.000 sesuai tuntutan jaksa sebelumnya subsider 1 tahun 4 bulan penjara.
Majelis hakim menyebut Fajar layak dihukum 19 tahun pid"
"Operasi CIA di Indonesia: Film porno, daftar perburuan komunis, hingga Metode Jakarta",BBC Indonesia,https://www.bbc.com/indonesia/articles/c77zrdg2gxyo,"Sumber gambar, Hulton-Deutsch/Hulton-Deutsch Collection/Corbis via Getty Images
Presiden AS, Donald Trump, mengatakan bahwa dirinya telah memberi wewenang kepada lembaga intelijen CIA untuk melakukan operasi rahasia di Venezuela. Pernyataan ini seketika mengingatkan jejak panjang CIA di banyak negara, tidak terkecuali Indonesia.
Dalam konteks Venezuela, pemberian restu ke CIA dimaksudkan untuk melenyapkan kartel narkoba yang, menurut Trump, produk-produknya telah membanjiri Amerika.
Sejumlah pakar intelijen cukup khawatir dengan langkah Trump. Mereka menilai Trump bisa saja melebarkan operasi CIA ke tujuan yang lain: menggulingkan pemerintah yang sah.
Presiden memiliki kewenangan guna mengerahkan operasi rahasia CIA selama sejalur dengan tujuan kebijakan luar negeri serta penting bagi keamanan nasional AS. Keputusan itu, secara aturan, lalu dibahas ke tingkat Kongres dan Senat.
Dalam praktiknya, presiden tidak jarang menerabas batasan yang ada. Dengan kata lain, otorisasi ke CIA hanya","Operasi CIA di Indonesia: Film porno, daftar perburuan komunis, hingga Metode Jakarta

Sumber gambar, Hulton-Deutsch/Hulton-Deutsch Collection/Corbis via Getty Images
Presiden AS, Donald Trump, mengatakan bahwa dirinya telah memberi wewenang kepada lembaga intelijen CIA untuk melakukan operasi rahasia di Venezuela. Pernyataan ini seketika mengingatkan jejak panjang CIA di banyak negara, tidak terkecuali Indonesia.
Dalam konteks Venezuela, pemberian restu ke CIA dimaksudkan untuk melenyapkan kartel narkoba yang, menurut Trump, produk-produknya telah membanjiri Amerika.
Sejumlah pakar intelijen cukup khawatir dengan langkah Trump. Mereka menilai Trump bisa saja melebarkan operasi CIA ke tujuan yang lain: menggulingkan pemerintah yang sah.
Presiden memiliki kewenangan guna mengerahkan operasi rahasia CIA selama sejalur dengan tujuan kebijakan luar negeri serta penting bagi keamanan nasional AS. Keputusan itu, secara aturan, lalu dibahas ke tingkat Kongres dan Senat.
Dalam praktiknya, presiden tidak jarang menerabas batasan yang ada. Dengan kata lain, otorisasi ke CIA hanya"
'Warga menjaga guru seperti darah daging mereka' – Siapa sebenarnya yang membunuh guru Melani Wamea di Yahukimo?,BBC Indonesia,https://www.bbc.com/indonesia/articles/cvgw8pp3zgyo,"Sumber gambar, Istimewa
Pembunuhan terhadap Melani Wamea, seorang guru di Sekolah John Wilson, Distrik Holuwon, Yahukimo, Papua Pegunungan, mengejutkan warga setempat. Warga Holuwon punya alasan ganda: hubungan mereka dengan para guru ""terjalin erat"" dan distrik itu tak pernah dilanda konflik bersenjata seperti wilayah lain di Papua.
Dua pekan nyaris berlalu sejak Melani kehilangan nyawa pada 10 Oktober lalu, tapi hingga kini belum ada terduga pelaku yang ditangkap kepolisian.
Selang beberapa jam setelah pembunuhan terjadi, berbagai media massa nasional mengutip pernyataan kepolisian yang menuding Tentara Nasional Pembebasan Papua Barat (TPNPB) sebagai pelaku.
Namun juru bicara milisi pro-kemerdekaan Papua, Sebby Sambom, membantahnya. ""Kejadian itu bukan di lokasi perang yang kami tentukan,"" ucapnya.
Sumber gambar, Istimewa
Pada 13 Oktober, rombongan yang terdiri dari pimpinan Gereja Injili di Indonesia (GIDI), pejabat distrik, dan tetua adat setempat terbang dari Dekai, ibu kota Yahuk","'Warga menjaga guru seperti darah daging mereka' – Siapa sebenarnya yang membunuh guru Melani Wamea di Yahukimo?

Sumber gambar, Istimewa
Pembunuhan terhadap Melani Wamea, seorang guru di Sekolah John Wilson, Distrik Holuwon, Yahukimo, Papua Pegunungan, mengejutkan warga setempat. Warga Holuwon punya alasan ganda: hubungan mereka dengan para guru ""terjalin erat"" dan distrik itu tak pernah dilanda konflik bersenjata seperti wilayah lain di Papua.
Dua pekan nyaris berlalu sejak Melani kehilangan nyawa pada 10 Oktober lalu, tapi hingga kini belum ada terduga pelaku yang ditangkap kepolisian.
Selang beberapa jam setelah pembunuhan terjadi, berbagai media massa nasional mengutip pernyataan kepolisian yang menuding Tentara Nasional Pembebasan Papua Barat (TPNPB) sebagai pelaku.
Namun juru bicara milisi pro-kemerdekaan Papua, Sebby Sambom, membantahnya. ""Kejadian itu bukan di lokasi perang yang kami tentukan,"" ucapnya.
Sumber gambar, Istimewa
Pada 13 Oktober, rombongan yang terdiri dari pimpinan Gereja Injili di Indonesia (GIDI), pejabat distrik, dan tetua adat setempat terbang dari Dekai, ibu kota Yahuk"
Sekolah-sekolah yang mengelola dapur mandiri di tengah ribuan kasus keracunan MBG,BBC Indonesia,https://www.bbc.com/indonesia/articles/c5y9j28r2wlo,"Sumber gambar, Fajar Sodiq
Aksi penolakan terhadap program Makan Bergizi Gratis (MBG), semakin intensif karena meningkatnya insiden keracunan terkait MBG. Di sisi lain, sejumlah sekolah memutuskan tidak melaksanakan MBG dan memilih meneruskan program yang mereka jalankan secara mandiri.
Hingga pekan lalu, kasus keracunan terkait MBG terus terjadi, dengan insiden terbaru lebih dari 426 siswa SMAN 1 Yogyakarta mengalami diare dan sakit perut usai mengonsumsi MBG pada Kamis (16/10) dini hari.
Jumlah korban keracunan terkait MBG sejak awal tahun ini telah mencapai lebih dari 11.000 orang, menurut data Kementerian Kesehatan per 5 Oktober. Maraknya kasus keracunan terkait MBG memicu gelombang penolakan—termasuk dari orang tua siswa dan sekolah.
Di sisi lain, sejumlah sekolah berkukuh tidak melaksanakan program andalan pemerintahan Prabowo Subianto yang menghabiskan anggaran ratusan triliun ini lantaran sudah memiliki program makanan bergizi yang sudah mereka jalankan sendiri.
BBC News Indone","Sekolah-sekolah yang mengelola dapur mandiri di tengah ribuan kasus keracunan MBG

Sumber gambar, Fajar Sodiq
Aksi penolakan terhadap program Makan Bergizi Gratis (MBG), semakin intensif karena meningkatnya insiden keracunan terkait MBG. Di sisi lain, sejumlah sekolah memutuskan tidak melaksanakan MBG dan memilih meneruskan program yang mereka jalankan secara mandiri.
Hingga pekan lalu, kasus keracunan terkait MBG terus terjadi, dengan insiden terbaru lebih dari 426 siswa SMAN 1 Yogyakarta mengalami diare dan sakit perut usai mengonsumsi MBG pada Kamis (16/10) dini hari.
Jumlah korban keracunan terkait MBG sejak awal tahun ini telah mencapai lebih dari 11.000 orang, menurut data Kementerian Kesehatan per 5 Oktober. Maraknya kasus keracunan terkait MBG memicu gelombang penolakan—termasuk dari orang tua siswa dan sekolah.
Di sisi lain, sejumlah sekolah berkukuh tidak melaksanakan program andalan pemerintahan Prabowo Subianto yang menghabiskan anggaran ratusan triliun ini lantaran sudah memiliki program makanan bergizi yang sudah mereka jalankan sendiri.
BBC News Indone"
Survei kinerja Prabowo – Apakah gelombang unjuk rasa diperhitungkan dan sejauh mana bias dalam klaim kepuasan publik?,BBC Indonesia,https://www.bbc.com/indonesia/articles/cj0e2ml1l6no,"Sumber gambar, BBC Indonesia
Pengamat politik menilai aksi demonstrasi yang bertepatan dengan satu tahun pemerintahan Prabowo Subianto dan Gibran Rakabuming Raka harus dilihat sebagai ""vitamin"" di tengah banjir pujian dari sejumlah lembaga survei yang menempatkan tingginya tingkat kepuasan kepemimpinannya.
Di beberapa survei, Poltracking Indonesia mengklaim kepercayaan publik terhadap Prabowo-Gibran mencapai 81,5%. Lembaga survei Index Politica juga mencatat kepuasan atas kinerja Prabowo-Gibran, serta jajaran Kabinet Merah Putih sebesar 83,5%.
Adapun jajak pendapat Center for Economic and Law Studies (Celios) memberi Prabowo nilai 3 dari skala 0-10 alias ""sangat buruk"".
""Demo adalah bagian mengingatkan pemerintahan yang budek tadi, karena pada dasarnya kekuasaan itu tidak mau dikritik,"" ucap Pangi Syarwi Chaniago kepada BBC News Indonesia.
""Tidak ada presiden yang mau dikritik, atau diganggu kekuasaannya, makanya harus ditantang pikirannya agar sesuai dengan arah yang dituntut rakyat,""","Survei kinerja Prabowo – Apakah gelombang unjuk rasa diperhitungkan dan sejauh mana bias dalam klaim kepuasan publik?

Sumber gambar, BBC Indonesia
Pengamat politik menilai aksi demonstrasi yang bertepatan dengan satu tahun pemerintahan Prabowo Subianto dan Gibran Rakabuming Raka harus dilihat sebagai ""vitamin"" di tengah banjir pujian dari sejumlah lembaga survei yang menempatkan tingginya tingkat kepuasan kepemimpinannya.
Di beberapa survei, Poltracking Indonesia mengklaim kepercayaan publik terhadap Prabowo-Gibran mencapai 81,5%. Lembaga survei Index Politica juga mencatat kepuasan atas kinerja Prabowo-Gibran, serta jajaran Kabinet Merah Putih sebesar 83,5%.
Adapun jajak pendapat Center for Economic and Law Studies (Celios) memberi Prabowo nilai 3 dari skala 0-10 alias ""sangat buruk"".
""Demo adalah bagian mengingatkan pemerintahan yang budek tadi, karena pada dasarnya kekuasaan itu tidak mau dikritik,"" ucap Pangi Syarwi Chaniago kepada BBC News Indonesia.
""Tidak ada presiden yang mau dikritik, atau diganggu kekuasaannya, makanya harus ditantang pikirannya agar sesuai dengan arah yang dituntut rakyat,"""
"Bagaimana militer, pengusaha, dan partai politik menopang kekuasaan Prabowo Subianto?",BBC Indonesia,https://www.bbc.com/indonesia/articles/cn8x77vpx3wo,"Sumber gambar, ANTARA FOTO/Muhammad Adimaja
Satu tahun pemerintahan Prabowo Subianto ditandai dengan kebijakan yang sentralistik, seperti Makan Bergizi Gratis (MBG) hingga Koperasi Merah Putih (KMP). Tidak hanya itu, dalam 12 bulan ke belakang, Prabowo memusatkan kekuasaannya dibantu tiga elemen: militer, pengusaha, serta partai politik.
Militer disebut sebagai roda-roda yang mengiringi keputusan Prabowo dalam pelaksanaan kebijakan-kebijakan prioritas, seperti MBG, lumbung pangan, sampai distribusi obat-obatan.
Prabowo, di lain sisi, mempunyai kecenderungan untuk memperkuat organisasi militer. Ada pembangunan Komando Daerah Militer (Kodam) baru, penambahan ratusan batalion, serta alokasi anggaran yang proporsinya atas Pendapatan Domestik Bruto (PDB) mencapai lebih dari 30% pada periode 2025-2026.
Kelompok pengusaha besar turut menopang pemerintahan Prabowo melalui proyek-proyek infrastruktur, beberapa di antaranya berpredikat Proyek Strategis Nasional (PSN).
Dan terakhir, di parlemen,","Bagaimana militer, pengusaha, dan partai politik menopang kekuasaan Prabowo Subianto?

Sumber gambar, ANTARA FOTO/Muhammad Adimaja
Satu tahun pemerintahan Prabowo Subianto ditandai dengan kebijakan yang sentralistik, seperti Makan Bergizi Gratis (MBG) hingga Koperasi Merah Putih (KMP). Tidak hanya itu, dalam 12 bulan ke belakang, Prabowo memusatkan kekuasaannya dibantu tiga elemen: militer, pengusaha, serta partai politik.
Militer disebut sebagai roda-roda yang mengiringi keputusan Prabowo dalam pelaksanaan kebijakan-kebijakan prioritas, seperti MBG, lumbung pangan, sampai distribusi obat-obatan.
Prabowo, di lain sisi, mempunyai kecenderungan untuk memperkuat organisasi militer. Ada pembangunan Komando Daerah Militer (Kodam) baru, penambahan ratusan batalion, serta alokasi anggaran yang proporsinya atas Pendapatan Domestik Bruto (PDB) mencapai lebih dari 30% pada periode 2025-2026.
Kelompok pengusaha besar turut menopang pemerintahan Prabowo melalui proyek-proyek infrastruktur, beberapa di antaranya berpredikat Proyek Strategis Nasional (PSN).
Dan terakhir, di parlemen,"
"Setahun pemerintahan Prabowo – Citra 'kakek gemoy' berakhir, karakter militeristis kembali tampil",BBC Indonesia,https://www.bbc.com/indonesia/articles/c620402gy84o,"Sumber gambar, ANTARA FOTO/Hafidz Mubarak A
Kontras antara aksi joget Presiden Prabowo Subianto pada masa kampanye pilpres lalu dan sikap tegasnya saat berpidato di PBB ditafsirkan oleh para pengamat sebagai manifestasi karakter militernya. Watak militeristis ini memberikan pengaruh besar pada arah kebijakan dan cara Prabowo memimpin selama setahun pertama.
Citra Prabowo Subianto sebagai ""kakek gemoy"", ramah dan bersahabat, serta berpenampilan segar dan muda, terbukti berhasil menggaet suara pemilih muda dan mengantarkannya memenangkan 58% suara dalam Pemilihan Presiden (Pilpres) 2024.
Namun, setahun kemudian, gaya kepemimpinan mantan jenderal militer ini telah kembali ke ""wujud aslinya""—kuat, tegas, dengan gaya kepemimpinan khas militer.
Perubahan ini terlihat jelas dari pembelaannya yang tegas terhadap program unggulan Makan Bergizi Gratis (MBG) di tengah kontroversi besar. 
Program unggulan ini dijalankan dengan prioritas tinggi, didorong dengan cepat, dan dialokasikan anggaran besa","Setahun pemerintahan Prabowo – Citra 'kakek gemoy' berakhir, karakter militeristis kembali tampil

Sumber gambar, ANTARA FOTO/Hafidz Mubarak A
Kontras antara aksi joget Presiden Prabowo Subianto pada masa kampanye pilpres lalu dan sikap tegasnya saat berpidato di PBB ditafsirkan oleh para pengamat sebagai manifestasi karakter militernya. Watak militeristis ini memberikan pengaruh besar pada arah kebijakan dan cara Prabowo memimpin selama setahun pertama.
Citra Prabowo Subianto sebagai ""kakek gemoy"", ramah dan bersahabat, serta berpenampilan segar dan muda, terbukti berhasil menggaet suara pemilih muda dan mengantarkannya memenangkan 58% suara dalam Pemilihan Presiden (Pilpres) 2024.
Namun, setahun kemudian, gaya kepemimpinan mantan jenderal militer ini telah kembali ke ""wujud aslinya""—kuat, tegas, dengan gaya kepemimpinan khas militer.
Perubahan ini terlihat jelas dari pembelaannya yang tegas terhadap program unggulan Makan Bergizi Gratis (MBG) di tengah kontroversi besar. 
Program unggulan ini dijalankan dengan prioritas tinggi, didorong dengan cepat, dan dialokasikan anggaran besa"
Dilema pembangunan di Mandalika – Haruskah pariwisata Lombok meniru Bali?,BBC Indonesia,https://www.bbc.com/indonesia/articles/c206kry30exo,"Sumber gambar, Getty Images/Nestor Morales Moreno
Damar, salah satu pemandu selancar terbaik di Pulau Lombok, sangat menikmati pekerjaannya mengantar wisatawan meluncur di atas ombak.
Dengan bahasa Inggrisnya yang fasih dan candaannya yang luwes, tidak ada yang pernah menyangka waktu kecil dia takut dengan orang asing.
""Waktu saya berumur 10 atau mungkin tujuh tahun, saya sering menangis sampai ngompol ketika melihat orang kulit putih,"" kata Damar, yang kini berusia 39 tahun, kepada BBC.
Namun, rasa malu itu memudar seiring meningkatnya popularitas Lombok di kalangan wisatawan mancanegara.
Pulau yang masuk ke dalam wilayah Provinsi Nusa Tenggara Barat (NTB) itu mulai dikenal di kalangan turis asing pada tahun 2000-an, lewat Gili Trawangan—pulau yang berada di antara Pulau Bali dan Lombok.
Akhir dari Paling banyak dibaca
Di mata turis asing, Lombok punya magnet tersendiri. Pantai-pantai dan keindahan alamnya hampir sama dengan Bali, tapi bonusnya tidak ada kepadatan di jalan maupun temp","Dilema pembangunan di Mandalika – Haruskah pariwisata Lombok meniru Bali?

Sumber gambar, Getty Images/Nestor Morales Moreno
Damar, salah satu pemandu selancar terbaik di Pulau Lombok, sangat menikmati pekerjaannya mengantar wisatawan meluncur di atas ombak.
Dengan bahasa Inggrisnya yang fasih dan candaannya yang luwes, tidak ada yang pernah menyangka waktu kecil dia takut dengan orang asing.
""Waktu saya berumur 10 atau mungkin tujuh tahun, saya sering menangis sampai ngompol ketika melihat orang kulit putih,"" kata Damar, yang kini berusia 39 tahun, kepada BBC.
Namun, rasa malu itu memudar seiring meningkatnya popularitas Lombok di kalangan wisatawan mancanegara.
Pulau yang masuk ke dalam wilayah Provinsi Nusa Tenggara Barat (NTB) itu mulai dikenal di kalangan turis asing pada tahun 2000-an, lewat Gili Trawangan—pulau yang berada di antara Pulau Bali dan Lombok.
Akhir dari Paling banyak dibaca
Di mata turis asing, Lombok punya magnet tersendiri. Pantai-pantai dan keindahan alamnya hampir sama dengan Bali, tapi bonusnya tidak ada kepadatan di jalan maupun temp"
Setahun pemerintahan Prabowo-Gibran – 'Arah balik demokrasi' dan apa saja tantangan yang mungkin dihadapi ke depan?,BBC Indonesia,https://www.bbc.com/indonesia/articles/ce86yln4nmro,"Sumber gambar, ADEK BERRY/AFP via Getty Images
Satu tahun pemerintahan Prabowo-Gibran diwarnai kekhawatiran dari kalangan aktivis dan akademisi terkait adanya kemunduran atau ""arah balik"" dalam praktik demokrasi. 
Salah satu indikasi yang paling menonjol adalah 'perburuan' aktivis dan penahanan ratusan demonstran terkait aksi menolak kenaikan tunjangan Dewan Perwakilan Rakyat (DPR) pada Agustus-September lalu.
Di sisi lain, pemerintah melalui Menteri Hak Asasi Manusia (HAM), Natalius Pigai, mengatakan demokrasi Indonesia mengalami ""surplus"".
""Tidak ada satu keputusan pemerintah atau peraturan yang membatasi demokrasi di Indonesia,"" kata Pigai.
Sejumlah lembaga riset internasional melaporkan indeks demokrasi di Indonesia mengalami penurunan secara halus dalam beberapa tahun terakhir, meskipun Badan Pusat Statistik (BPS) menunjukkan sebaliknya.
Akhir dari Paling banyak dibaca
Prabowo-Gibran masih akan memimpin negara empat tahun ke depan. Apa saja tantangan yang mungkin dihadapi pemerint","Setahun pemerintahan Prabowo-Gibran – 'Arah balik demokrasi' dan apa saja tantangan yang mungkin dihadapi ke depan?

Sumber gambar, ADEK BERRY/AFP via Getty Images
Satu tahun pemerintahan Prabowo-Gibran diwarnai kekhawatiran dari kalangan aktivis dan akademisi terkait adanya kemunduran atau ""arah balik"" dalam praktik demokrasi. 
Salah satu indikasi yang paling menonjol adalah 'perburuan' aktivis dan penahanan ratusan demonstran terkait aksi menolak kenaikan tunjangan Dewan Perwakilan Rakyat (DPR) pada Agustus-September lalu.
Di sisi lain, pemerintah melalui Menteri Hak Asasi Manusia (HAM), Natalius Pigai, mengatakan demokrasi Indonesia mengalami ""surplus"".
""Tidak ada satu keputusan pemerintah atau peraturan yang membatasi demokrasi di Indonesia,"" kata Pigai.
Sejumlah lembaga riset internasional melaporkan indeks demokrasi di Indonesia mengalami penurunan secara halus dalam beberapa tahun terakhir, meskipun Badan Pusat Statistik (BPS) menunjukkan sebaliknya.
Akhir dari Paling banyak dibaca
Prabowo-Gibran masih akan memimpin negara empat tahun ke depan. Apa saja tantangan yang mungkin dihadapi pemerint"
