Title,Source,Link
Timnas Voli Putra Indonesia Lolos Perempat Final AYG 2025,CNN Indonesia,https://www.cnnindonesia.com/olahraga/20251022074016-178-1287140/timnas-voli-putra-indonesia-lolos-perempat-final-ayg-2025
"Beda Cheat Day dan Cheat Meal, Mana yang Lebih Baik?",CNN Indonesia,https://www.cnnindonesia.com/gaya-hidup/20251022071258-255-1287129/beda-cheat-day-dan-cheat-meal-mana-yang-lebih-baik
Hampir 1.000 Prajurit TNI AD Gelar Latihan Militer di Natuna Hari Ini,CNN Indonesia,https://www.cnnindonesia.com/nasional/20251022071002-20-1287128/hampir-1000-prajurit-tni-ad-gelar-latihan-militer-di-natuna-hari-ini
VIDEO: Prabowo Akui Satu Tahun Pemerintahannya Berjalan Baik,CNN Indonesia,https://www.cnnindonesia.com/tv/20251021171938-400-1286973/video-prabowo-akui-satu-tahun-pemerintahannya-berjalan-baik
FOTO: Arsenal Hancurkan Atletico Madrid di Liga Champions,CNN Indonesia,https://www.cnnindonesia.com/olahraga/20251022043035-144-1287091/foto-arsenal-hancurkan-atletico-madrid-di-liga-champions
5 Tantangan PM Baru Jepang Sanae Takaichi Si 'Iron Lady' Negeri Sakura,CNN Indonesia,https://www.cnnindonesia.com/internasional/20251021124406-113-1286857/5-tantangan-pm-baru-jepang-sanae-takaichi-si-iron-lady-negeri-sakura
"Final Karapan Sapi di Bangkalan Jatim Ricuh, Anggota Brimob Kena Bacok",CNN Indonesia,https://www.cnnindonesia.com/nasional/20251022064233-12-1287123/final-karapan-sapi-di-bangkalan-jatim-ricuh-anggota-brimob-kena-bacok
"FOTO: Menelusuri Ciliwung, Edukasi Lingkungan di Jantung Ibu Kota",CNN Indonesia,https://www.cnnindonesia.com/nasional/20251021183737-22-1286999/foto-menelusuri-ciliwung-edukasi-lingkungan-di-jantung-ibu-kota
Purbaya Respons Tantangan Demul soal Rp4 T: Periksa Saja Sendiri,CNN Indonesia,https://www.cnnindonesia.com/ekonomi/20251022064906-532-1287126/purbaya-respons-tantangan-demul-soal-rp4-t-periksa-saja-sendiri
Jadwal Siaran Langsung Liga Champions: Eintracht vs Liverpool,CNN Indonesia,https://www.cnnindonesia.com/olahraga/20251022064520-142-1287124/jadwal-siaran-langsung-liga-champions-eintracht-vs-liverpool
Diskon 50 Persen Tambah Daya Listrik Berlaku Sampai Kapan?,CNN Indonesia,https://www.cnnindonesia.com/edukasi/20251021135022-561-1286884/diskon-50-persen-tambah-daya-listrik-berlaku-sampai-kapan
7 Kelompok Orang yang Bisa Kena Efek Buruk dari Kopi Hitam,CNN Indonesia,https://www.cnnindonesia.com/gaya-hidup/20251020122332-255-1286418/7-kelompok-orang-yang-bisa-kena-efek-buruk-dari-kopi-hitam
VIDEO: Pajak Pedagang E-Commerce dan Insentif Pajak,CNN Indonesia,https://www.cnnindonesia.com/tv/20251021171904-402-1286972/video-pajak-pedagang-e-commerce-dan-insentif-pajak
Bisakah Penangkapan Mafia Besar-besaran Dilakukan Seperti Mau Purbaya?,CNN Indonesia,https://www.cnnindonesia.com/ekonomi/20251022061816-532-1287110/bisakah-penangkapan-mafia-besar-besaran-dilakukan-seperti-mau-purbaya
Jepang Perdana Punya PM Perempuan sampai Eks Presiden Prancis Dibui,CNN Indonesia,https://www.cnnindonesia.com/internasional/20251022064830-134-1287125/jepang-perdana-punya-pm-perempuan-sampai-eks-presiden-prancis-dibui
Wamendagri Akui Purbaya soal Pemda Belum Maksimal Serap Anggaran,CNN Indonesia,https://www.cnnindonesia.com/nasional/20251021202844-32-1287056/wamendagri-akui-purbaya-soal-pemda-belum-maksimal-serap-anggaran
Daftar Top Skor Liga Champions: Rashford Ramaikan Persaingan,CNN Indonesia,https://www.cnnindonesia.com/olahraga/20251022060908-142-1287107/daftar-top-skor-liga-champions-rashford-ramaikan-persaingan
Ammar Zoni Jalani Sidang Narkoba Besok di PN Jakpus,CNN Indonesia,https://www.cnnindonesia.com/nasional/20251022061036-12-1287109/ammar-zoni-jalani-sidang-narkoba-besok-di-pn-jakpus
VIDEO: Menjaga Kualitas di Tengah Sorotan Dapur SPPG,CNN Indonesia,https://www.cnnindonesia.com/tv/20251021174404-400-1286986/video-menjaga-kualitas-di-tengah-sorotan-dapur-sppg
Nasib Kementerian BUMN Tunggu Putusan Prabowo,CNN Indonesia,https://www.cnnindonesia.com/ekonomi/20251021193019-92-1287030/nasib-kementerian-bumn-tunggu-putusan-prabowo
Nasib Kementerian BUMN Tunggu Putusan Prabowo,CNN Indonesia,https://www.cnnindonesia.com/ekonomi/20251021193019-92-1287030/nasib-kementerian-bumn-tunggu-putusan-prabowo
FOTO: Jennifer Lawrence Kena Postpartum Depression di Die My Love,CNN Indonesia,https://www.cnnindonesia.com/hiburan/20251021090240-222-1286731/foto-jennifer-lawrence-kena-postpartum-depression-di-die-my-love
"3 Big Match Liga Champions Timpang, Berujung Pembantaian",CNN Indonesia,https://www.cnnindonesia.com/olahraga/20251022061402-142-1287108/3-big-match-liga-champions-timpang-berujung-pembantaian
"Top 3 Sports: STY Terbuka Latih Indonesia, Arsenal Menang Besar",CNN Indonesia,https://www.cnnindonesia.com/olahraga/20251022060508-178-1287106/top-3-sports-sty-terbuka-latih-indonesia-arsenal-menang-besar
Ini yang Terjadi pada Tubuh saat Minum Teh Serai Setiap Hari,CNN Indonesia,https://www.cnnindonesia.com/gaya-hidup/20251021112203-255-1286803/ini-yang-terjadi-pada-tubuh-saat-minum-teh-serai-setiap-hari
IHSG Berpotensi Lanjut Menguat Hari Ini,CNN Indonesia,https://www.cnnindonesia.com/ekonomi/20251021203751-92-1287058/ihsg-berpotensi-lanjut-menguat-hari-ini
Trump Kembali Puji RI-Prabowo soal Rencana Kirim Pasukan ke Gaza,CNN Indonesia,https://www.cnnindonesia.com/internasional/20251022045722-134-1287093/trump-kembali-puji-ri-prabowo-soal-rencana-kirim-pasukan-ke-gaza
Kemendagri soal Pejabat Pakai Mobil Nasional: Kepala Daerah Siap-siap,CNN Indonesia,https://www.cnnindonesia.com/nasional/20251022040747-32-1287089/kemendagri-soal-pejabat-pakai-mobil-nasional-kepala-daerah-siap-siap
Siapa Saja Penerima BLT Tambahan Rp900 Ribu?,CNN Indonesia,https://www.cnnindonesia.com/edukasi/20251021114248-561-1286819/siapa-saja-penerima-blt-tambahan-rp900-ribu
Daftar 7 Wakil Indonesia di French Open 2025: Leo/Bagas vs Aaron/Soh,CNN Indonesia,https://www.cnnindonesia.com/olahraga/20251022054439-170-1287103/daftar-7-wakil-indonesia-di-french-open-2025-leo-bagas-vs-aaron-soh
"HP Bakal Punah, Pakar Sebut Penggantinya Mulai Bermunculan",CNBC Indonesia,https://www.cnbcindonesia.com/tech/20251022074613-37-678083/hp-bakal-punah-pakar-sebut-penggantinya-mulai-bermunculan
"Emiten Boy Thohir (TRIM) Lepas 223,3 Juta Saham Energi Mega (ENRG)",CNBC Indonesia,https://www.cnbcindonesia.com/market/20251021215159-17-678063/emiten-boy-thohir--trim--lepas-2233-juta-saham-energi-mega--enrg-
"Warner Bros Mau Dijual, Netflix-Comcast Jadi Calon Pembeli",CNBC Indonesia,https://www.cnbcindonesia.com/market/20251022072216-17-678079/warner-bros-mau-dijual-netflix-comcast-jadi-calon-pembeli
"Harga Batu Bara Belum Juga Bangkit, 3 Hari Ambruk",CNBC Indonesia,https://www.cnbcindonesia.com/research/20251022064429-128-678074/harga-batu-bara-belum-juga-bangkit-3-hari-ambruk
"Terbaru! Tarif BPJS Kesehatan Kelas 1, 2, 3 Berlaku 22 Oktober 2025",CNBC Indonesia,https://www.cnbcindonesia.com/news/20251022063239-4-678073/terbaru-tarif-bpjs-kesehatan-kelas-1-2-3-berlaku-22-oktober-2025
"IHSG Ngebut, Dana Asing Mengalir Deras ke Pasar Modal",CNBC Indonesia,https://www.cnbcindonesia.com/market/20251022061647-17-678072/ihsg-ngebut-dana-asing-mengalir-deras-ke-pasar-modal
Gmail-Apple Punya Alamat Email Sekali Pakai Biar Bebas Spam-Penipuan,CNBC Indonesia,https://www.cnbcindonesia.com/tech/20251022065408-37-678076/gmail-apple-punya-alamat-email-sekali-pakai-biar-bebas-spam-penipuan
"Mulai Gali Harta Karun, Negeri 'Orang Jawa' Ini Diramal Jadi Kaya Raya",CNBC Indonesia,https://www.cnbcindonesia.com/news/20251022064939-4-678075/mulai-gali-harta-karun-negeri-orang-jawa-ini-diramal-jadi-kaya-raya
"Soal Dugaan Korupsi Pengolahan Anoda Logam, Antam Buka Suara",CNBC Indonesia,https://www.cnbcindonesia.com/market/20251021213550-17-678062/soal-dugaan-korupsi-pengolahan-anoda-logam-antam-buka-suara
Tanda Gula Darah Terlalu Tinggi yang Bisa Dicek di Rumah,CNBC Indonesia,https://www.cnbcindonesia.com/lifestyle/20251020133444-33-677484/tanda-gula-darah-terlalu-tinggi-yang-bisa-dicek-di-rumah
"Momen Eks Presiden Prancis Sarkozy Dipenjara, Gandeng Tangan Istri",CNBC Indonesia,https://www.cnbcindonesia.com/news/20251021204011-7-678053/momen-eks-presiden-prancis-sarkozy-dipenjara-gandeng-tangan-istri
"Harga Emas Hancur Lebur! Ambruk 5% Sehari, Rekor Terburuk 5 Tahun",CNBC Indonesia,https://www.cnbcindonesia.com/research/20251022061011-128-678069/harga-emas-hancur-lebur-ambruk-5-sehari-rekor-terburuk-5-tahun
"Tentara Gerebek Markas Penipuan Online, 2.000 Orang Lebih Ditahan",CNBC Indonesia,https://www.cnbcindonesia.com/news/20251021171750-4-677968/tentara-gerebek-markas-penipuan-online-2000-orang-lebih-ditahan
"Jelang Pertemuan Rusia-AS, Negara NATO Ini Beri Sinyal Tangkap Putin",CNBC Indonesia,https://www.cnbcindonesia.com/news/20251022003725-4-678065/jelang-pertemuan-rusia-as-negara-nato-ini-beri-sinyal-tangkap-putin
"Prabowo Minta Menteri Ganti Mobil Pakai Maung, Ini Kata Purbaya!",CNBC Indonesia,https://www.cnbcindonesia.com/news/20251021105756-4-677796/prabowo-minta-menteri-ganti-mobil-pakai-maung-ini-kata-purbaya
Daftar 7 Diskon Pajak di Tahun Pertama Prabowo-Gibran,CNBC Indonesia,https://www.cnbcindonesia.com/news/20251022062243-4-678071/daftar-7-diskon-pajak-di-tahun-pertama-prabowo-gibran
Penampakan Tampang Penembak PM Slovakia Usai Vonis 21 Tahun Penjara,CNBC Indonesia,https://www.cnbcindonesia.com/news/20251021185511-7-678018/penampakan-tampang-penembak-pm-slovakia-usai-vonis-21-tahun-penjara
"Harga Emas Hancur Lebur! Ambruk 5% Sehari, Rekor Terburuk 5 Tahun",CNBC Indonesia,https://www.cnbcindonesia.com/research/20251022061011-128-678069/harga-emas-hancur-lebur-ambruk-5-sehari-rekor-terburuk-5-tahun
Peneliti Asing Ungkap Ada Ancaman Besar di Tapanuli,CNBC Indonesia,https://www.cnbcindonesia.com/tech/20251021151701-37-677943/peneliti-asing-ungkap-ada-ancaman-besar-di-tapanuli
Sayonara! Bangkai Tiang Monorel di Jalan Rasuna Said Lenyap di 2026,CNBC Indonesia,https://www.cnbcindonesia.com/news/20251021193241-7-678041/sayonara-bangkai-tiang-monorel-di-jalan-rasuna-said-lenyap-di-2026
"Negara Ini Mulai Tinggalkan Dolar AS, Ganti Dengan Yuan China",CNBC Indonesia,https://www.cnbcindonesia.com/news/20251022055747-4-678068/negara-ini-mulai-tinggalkan-dolar-as-ganti-dengan-yuan-china
"Khofifah Tiba-Tiba Naikkan Upah 7 Kabupaten Kota di Jatim, Ada Apa?",CNBC Indonesia,https://www.cnbcindonesia.com/news/20251021200630-4-678050/khofifah-tiba-tiba-naikkan-upah-7-kabupaten-kota-di-jatim-ada-apa
AHY Buka Suara: Utang Kereta Cepat Masalah Serius!,CNBC Indonesia,https://www.cnbcindonesia.com/news/20251021201111-4-678051/ahy-buka-suara-utang-kereta-cepat-masalah-serius
"Khofifah Keluarkan Aturan Baru, UMK Surabaya 2025 Naik Jadi Rp 5 Juta",CNBC Indonesia,https://www.cnbcindonesia.com/news/20251021153333-4-677918/khofifah-keluarkan-aturan-baru-umk-surabaya-2025-naik-jadi-rp-5-juta
Semua Mata Tertuju ke BI: Suku Bunga Kembali Dipangkas Hari Ini?,CNBC Indonesia,https://www.cnbcindonesia.com/research/20251021170529-128-677978/semua-mata-tertuju-ke-bi-suku-bunga-kembali-dipangkas-hari-ini
"Momen Eks Presiden Prancis Sarkozy Dipenjara, Gandeng Tangan Istri",CNBC Indonesia,https://www.cnbcindonesia.com/news/20251021204011-7-678053/momen-eks-presiden-prancis-sarkozy-dipenjara-gandeng-tangan-istri
"Harga Emas Hancur Lebur! Ambruk 5% Sehari, Rekor Terburuk 5 Tahun",CNBC Indonesia,https://www.cnbcindonesia.com/research/20251022061011-128-678069/harga-emas-hancur-lebur-ambruk-5-sehari-rekor-terburuk-5-tahun
"Tentara Gerebek Markas Penipuan Online, 2.000 Orang Lebih Ditahan",CNBC Indonesia,https://www.cnbcindonesia.com/news/20251021171750-4-677968/tentara-gerebek-markas-penipuan-online-2000-orang-lebih-ditahan
"Jelang Pertemuan Rusia-AS, Negara NATO Ini Beri Sinyal Tangkap Putin",CNBC Indonesia,https://www.cnbcindonesia.com/news/20251022003725-4-678065/jelang-pertemuan-rusia-as-negara-nato-ini-beri-sinyal-tangkap-putin
"Prabowo Minta Menteri Ganti Mobil Pakai Maung, Ini Kata Purbaya!",CNBC Indonesia,https://www.cnbcindonesia.com/news/20251021105756-4-677796/prabowo-minta-menteri-ganti-mobil-pakai-maung-ini-kata-purbaya
"Jelang Pertemuan Rusia-AS, Negara NATO Ini Beri Sinyal Tangkap Putin",CNBC Indonesia,https://www.cnbcindonesia.com/news/20251022003725-4-678065/jelang-pertemuan-rusia-as-negara-nato-ini-beri-sinyal-tangkap-putin
"Momen Eks Presiden Prancis Sarkozy Dipenjara, Gandeng Tangan Istri",CNBC Indonesia,https://www.cnbcindonesia.com/news/20251021204011-7-678053/momen-eks-presiden-prancis-sarkozy-dipenjara-gandeng-tangan-istri
Dubes UEA Blak-Blakan Hasil Pembicaraan dengan Prabowo di Istana,CNBC Indonesia,https://www.cnbcindonesia.com/news/20251022045015-4-678066/dubes-uea-blak-blakan-hasil-pembicaraan-dengan-prabowo-di-istana
Video: Lo Kheng Hong Borong Saham ABM-Gunung Semeru Kembali Erupsi,CNBC Indonesia,https://www.cnbcindonesia.com/news/20251021174523-8-678009/video-lo-kheng-hong-borong-saham-abm-gunung-semeru-kembali-erupsi
"Video: Prabowo Berantas Tambang Ilegal, Publik Harap Tak Tebang Pilih",CNBC Indonesia,https://www.cnbcindonesia.com/news/20251021185632-8-678025/video-prabowo-berantas-tambang-ilegal-publik-harap-tak-tebang-pilih
Video: Qatar Kecam Pelanggaran Gencatan Senjata Oleh Israel,CNBC Indonesia,https://www.cnbcindonesia.com/news/20251021174522-8-677998/video-qatar-kecam-pelanggaran-gencatan-senjata-oleh-israel
"Setahun Prabowo: 364 Hari, 32 Kunjungan ke 22 Negara, Apa Hasilnya?",CNBC Indonesia,https://www.cnbcindonesia.com/research/20251021171944-128-677981/setahun-prabowo-364-hari-32-kunjungan-ke-22-negara-apa-hasilnya
"Deal Gaza Jadi Panggung Erdogan, Batu Loncatan Kuasai Timur Tengah",CNBC Indonesia,https://www.cnbcindonesia.com/news/20251021181437-4-678004/deal-gaza-jadi-panggung-erdogan-batu-loncatan-kuasai-timur-tengah
Video: Purbaya Bidik Mafia di Sektor Tekstil dan Baja,CNBC Indonesia,https://www.cnbcindonesia.com/news/20251021180911-8-678011/video-purbaya-bidik-mafia-di-sektor-tekstil-dan-baja
Dirut Jasa Marga Umumkan 7 Gerbang Tol Dalkot Sudah Beroperasi Normal,CNBC Indonesia,https://www.cnbcindonesia.com/news/20251021213922-4-678061/dirut-jasa-marga-umumkan-7-gerbang-tol-dalkot-sudah-beroperasi-normal
"Momen Eks Presiden Prancis Sarkozy Dipenjara, Gandeng Tangan Istri",CNBC Indonesia,https://www.cnbcindonesia.com/news/20251021204011-7-678053/momen-eks-presiden-prancis-sarkozy-dipenjara-gandeng-tangan-istri
"Harga Emas Hancur Lebur! Ambruk 5% Sehari, Rekor Terburuk 5 Tahun",CNBC Indonesia,https://www.cnbcindonesia.com/research/20251022061011-128-678069/harga-emas-hancur-lebur-ambruk-5-sehari-rekor-terburuk-5-tahun
"Tentara Gerebek Markas Penipuan Online, 2.000 Orang Lebih Ditahan",CNBC Indonesia,https://www.cnbcindonesia.com/news/20251021171750-4-677968/tentara-gerebek-markas-penipuan-online-2000-orang-lebih-ditahan
"Jelang Pertemuan Rusia-AS, Negara NATO Ini Beri Sinyal Tangkap Putin",CNBC Indonesia,https://www.cnbcindonesia.com/news/20251022003725-4-678065/jelang-pertemuan-rusia-as-negara-nato-ini-beri-sinyal-tangkap-putin
"Prabowo Minta Menteri Ganti Mobil Pakai Maung, Ini Kata Purbaya!",CNBC Indonesia,https://www.cnbcindonesia.com/news/20251021105756-4-677796/prabowo-minta-menteri-ganti-mobil-pakai-maung-ini-kata-purbaya
"Truk Tabrak Separator Busway di Jl Gatsu, Rute TransJ Koridor 9 Dialihkan",Detik.com,https://news.detik.com/berita/d-8172261/truk-tabrak-separator-busway-di-jl-gatsu-rute-transj-koridor-9-dialihkan
4 Fakta Tabrakan Keras KA Harina dengan Truk Trailer di Semarang,Detik.com,https://news.detik.com/berita/d-8172259/4-fakta-tabrakan-keras-ka-harina-dengan-truk-trailer-di-semarang
"30++ Ucapan Hari Santri 2025, Penuh Semangat dan Harapan",Detik.com,https://news.detik.com/berita/d-8172246/30-ucapan-hari-santri-2025-penuh-semangat-dan-harapan
Menanti Menteri-menteri Prabowo Tunggangi Maung,Detik.com,https://news.detik.com/berita/d-8172245/menanti-menteri-menteri-prabowo-tunggangi-maung
Trump Puji Prabowo soal RI Mau Kirim Pasukan ke Gaza: Pemimpin Luar Biasa,Detik.com,https://news.detik.com/internasional/d-8172241/trump-puji-prabowo-soal-ri-mau-kirim-pasukan-ke-gaza-pemimpin-luar-biasa
"Prabowo Minta 'No Untouchable' di Kasus Korupsi, Kejagung Kejar Koruptor SDA",Detik.com,https://news.detik.com/berita/d-8172238/prabowo-minta-no-untouchable-di-kasus-korupsi-kejagung-kejar-koruptor-sda
Kasus Kematian Terapis Tetap Diusut Meski Keluarga dan Pihak Spa Damai,Detik.com,https://news.detik.com/berita/d-8172233/kasus-kematian-terapis-tetap-diusut-meski-keluarga-dan-pihak-spa-damai
"PKB Dukung Prabowo Berantas Korupsi, Apresiasi Kerja Kejagung-Polri-KPK",Detik.com,https://news.detik.com/berita/d-8172231/pkb-dukung-prabowo-berantas-korupsi-apresiasi-kerja-kejagung-polri-kpk
"Negeri Sakura Kini Dipimpin Sanae Takaichi yang Pilih 'Kerja, Kerja, Kerja'",Detik.com,https://news.detik.com/internasional/d-8172229/negeri-sakura-kini-dipimpin-sanae-takaichi-yang-pilih-kerja-kerja-kerja
Gatsu hingga Thamrin-Sudirman Akan Ditutup saat Presiden Afsel Melintas,Detik.com,https://news.detik.com/berita/d-8172226/gatsu-hingga-thamrin-sudirman-akan-ditutup-saat-presiden-afsel-melintas
Imbas Sewa Jet Pribadi Bikin KPU Kena Sanksi Keras,Detik.com,https://news.detik.com/berita/d-8172224/imbas-sewa-jet-pribadi-bikin-kpu-kena-sanksi-keras
Gerindra Kawal Pindad Produksi Maung untuk Para Menteri Prabowo,Detik.com,https://news.detik.com/berita/d-8172221/gerindra-kawal-pindad-produksi-maung-untuk-para-menteri-prabowo
22 Oktober 2025 Memperingati Hari Apa? Cek Daftar Peringatannya,Detik.com,https://news.detik.com/berita/d-8169393/22-oktober-2025-memperingati-hari-apa-cek-daftar-peringatannya
Teka-teki Pembuang Jasad Bayi di Kresek yang Bikin Heboh Bekasi,Detik.com,https://news.detik.com/berita/d-8172219/teka-teki-pembuang-jasad-bayi-di-kresek-yang-bikin-heboh-bekasi
KPK Ungkap Kaitan Bisnis Tersangka Korupsi Katalis Chrisna Damayanto dengan Riza Chalid,Detik.com,https://news.detik.com/berita/d-8172217/kpk-ungkap-kaitan-bisnis-tersangka-korupsi-katalis-chrisna-damayanto-dengan-riza-chalid
Ketua Bawaslu Dilaporkan ke KPK Terkait Proyek Command Center-Renovasi Gedung,Detik.com,https://news.detik.com/berita/d-8172207/ketua-bawaslu-dilaporkan-ke-kpk-terkait-proyek-command-center-renovasi-gedung
"Ketahanan Pangan di Lapas Tak Cuma Program, tapi Hasilkan Premi untuk Napi",Detik.com,https://news.detik.com/berita/d-8172206/ketahanan-pangan-di-lapas-tak-cuma-program-tapi-hasilkan-premi-untuk-napi
Video: Tentara Korut Membelot ke Korsel Ditahan Usai Seberangi Perbatasan,Detik.com,https://20.detik.com/detikupdate/20251022-251022050/video-tentara-korut-membelot-ke-korsel-ditahan-usai-seberangi-perbatasan
"Video AHY: Giant Sea Wall Proyek Besar Sekali, Butuh Pertimbangkan Banyak Hal",Detik.com,https://20.detik.com/detikupdate/20251022-251022007/video-ahy-giant-sea-wall-proyek-besar-sekali-butuh-pertimbangkan-banyak-hal
KPK Kaget Ada Tambang Ilegal Dekat Mandalika: Produksi 3 Kg Emas Sehari,Detik.com,https://news.detik.com/berita/d-8172174/kpk-kaget-ada-tambang-ilegal-dekat-mandalika-produksi-3-kg-emas-sehari
"Gempa Darat M 4,9 Guncang Way Kanan Lampung",Detik.com,https://news.detik.com/berita/d-8172172/gempa-darat-m-4-9-guncang-way-kanan-lampung
Video Khamenei soal Trump Klaim Hancurkan Nuklir Iran: Teruslah Bermimpi!,Detik.com,https://20.detik.com/detikupdate/20251022-251022040/video-khamenei-soal-trump-klaim-hancurkan-nuklir-iran-teruslah-bermimpi
Golkar Sambut Usul Soeharto Jadi Pahlawan Nasional: Jasanya Besar Bagi Bangsa,Detik.com,https://news.detik.com/berita/d-8172169/golkar-sambut-usul-soeharto-jadi-pahlawan-nasional-jasanya-besar-bagi-bangsa
KPK Ungkap Tak Cuma Lukas Enembe yang Korupsi Dana Papua: Ada Pejabat Lain,Detik.com,https://news.detik.com/berita/d-8172168/kpk-ungkap-tak-cuma-lukas-enembe-yang-korupsi-dana-papua-ada-pejabat-lain
Video: Dosen UMGO Dinonaktifkan Buntut Podcast Mahasiswi Pura-pura Kesurupan,Detik.com,https://20.detik.com/detikupdate/20251022-251022026/video-dosen-umgo-dinonaktifkan-buntut-podcast-mahasiswi-pura-pura-kesurupan
KPK Ungkap Fraud Kerja Sama Antam-PT Loco Montrado soal Korupsi Anoda Logam,Detik.com,https://news.detik.com/berita/d-8172163/kpk-ungkap-fraud-kerja-sama-antam-pt-loco-montrado-soal-korupsi-anoda-logam
"Kembalikan Sitaan Rp 13 T, Prabowo Dinilai Buktikan Negara Tanpa Korupsi",Detik.com,https://news.detik.com/berita/d-8172162/kembalikan-sitaan-rp-13-t-prabowo-dinilai-buktikan-negara-tanpa-korupsi
KPK Tetapkan 1 PNS Kementan Tersangka Dugaan Korupsi Pengolahan Karet,Detik.com,https://news.detik.com/berita/d-8172159/kpk-tetapkan-1-pns-kementan-tersangka-dugaan-korupsi-pengolahan-karet
Trump Desak Zelensky Serahkan Donbas Timur demi Setop Perang Rusia-Ukraina,Detik.com,https://news.detik.com/berita/d-8172158/trump-desak-zelensky-serahkan-donbas-timur-demi-setop-perang-rusia-ukraina
Video AHY Soroti Bandara Kertajati: Bagus tapi Lokasinya Antah Berantah,Detik.com,https://20.detik.com/detikupdate/20251022-251022001/video-ahy-soroti-bandara-kertajati-bagus-tapi-lokasinya-antah-berantah
KPK: Ada 6 Subkontraktor Terima Keuntungan Tak Sah di Kasus Bansos 2020,Detik.com,https://news.detik.com/berita/d-8172152/kpk-ada-6-subkontraktor-terima-keuntungan-tak-sah-di-kasus-bansos-2020
Pangdam I/BB Respons Vonis 10 Bulan Oknum TNI Aniaya Pelajar hingga Tewas,Detik.com,https://news.detik.com/berita/d-8172149/pangdam-i-bb-respons-vonis-10-bulan-oknum-tni-aniaya-pelajar-hingga-tewas
Pertama Kali! Nyamuk Ditemukan Hidup di Islandia,Detik.com,https://news.detik.com/internasional/d-8172148/pertama-kali-nyamuk-ditemukan-hidup-di-islandia
Alasan KPK Belum Tahan Eks Ketua DPRD Jatim di Kasus Dana Hibah,Detik.com,https://news.detik.com/berita/d-8172143/alasan-kpk-belum-tahan-eks-ketua-dprd-jatim-di-kasus-dana-hibah
"Jelang Akhir Tahun, KPK Telah Sita Aset Senilai Rp 2,3 T untuk Pemulihan",Detik.com,https://news.detik.com/berita/d-8172140/jelang-akhir-tahun-kpk-telah-sita-aset-senilai-rp-2-3-t-untuk-pemulihan
"Usai dari Jatim, KPK Mulai Bergerak ke Jogja Usut Korupsi Kuota Haji",Detik.com,https://news.detik.com/berita/d-8172128/usai-dari-jatim-kpk-mulai-bergerak-ke-jogja-usut-korupsi-kuota-haji
Detik-detik KA Harina Tabrakan Keras dengan Truk Trailer di Semarang,Detik.com,https://news.detik.com/berita/d-8172127/detik-detik-ka-harina-tabrakan-keras-dengan-truk-trailer-di-semarang
Kapolres Kuansing Hadiri Pesantren Expo: Santri Adalah Benteng Moral Bangsa,Detik.com,https://news.detik.com/melindungi-tuah-marwah/d-8172119/kapolres-kuansing-hadiri-pesantren-expo-santri-adalah-benteng-moral-bangsa
Siti Fauziah Minta Pegawai MPR Jauhi Korupsi dan Gratifikasi,Detik.com,https://news.detik.com/berita/d-8172117/siti-fauziah-minta-pegawai-mpr-jauhi-korupsi-dan-gratifikasi
Waka MPR Tekankan Pentingnya Urgensi Penanganan Krisis Iklim,Detik.com,https://news.detik.com/berita/d-8172112/waka-mpr-tekankan-pentingnya-urgensi-penanganan-krisis-iklim
Waka MPR Tekankan Pentingnya Urgensi Penanganan Krisis Iklim,Detik.com,https://news.detik.com/berita/d-8172111/91-warga-cikande-direlokasi-buntut-cs-137-menteri-lh-bicara-peluang-bertambah
"91 Warga Cikande Direlokasi Buntut Cs-137, Menteri LH Bicara Peluang Bertambah",Detik.com,https://news.detik.com/berita/d-8172110/dki-kaji-solusi-tpu-penuh-buka-di-luar-daerah-hingga-permakaman-bertingkat
DKI Kaji Solusi TPU Penuh: Buka di Luar Daerah hingga Permakaman Bertingkat,Detik.com,https://news.detik.com/berita/d-8172108/7-titik-di-bogor-diterpa-longsor-dan-pohon-tumbang-akibat-hujan-deras
7 Titik di Bogor Diterpa Longsor dan Pohon Tumbang Akibat Hujan Deras,Detik.com,https://news.detik.com/berita/d-8172106/kemendagri-dan-kemenbud-perkuat-sinergi-pemajuan-kebudayaan
Kemendagri dan Kemenbud Perkuat Sinergi Pemajuan Kebudayaan,Detik.com,https://news.detik.com/berita/d-8172098/dugaan-bekas-kuburan-tua-di-balik-temuan-kerangka-manusia
Dugaan Bekas Kuburan Tua di Balik Temuan Kerangka Manusia,Detik.com,https://20.detik.com/detikupdate/20251021-251021108/video-pramono-dalam-waktu-dekat-saya-akan-banyak-resmikan-taman-jadi-rptra
Video Pramono: Dalam Waktu Dekat Saya Akan Banyak Resmikan Taman Jadi RPTRA,Detik.com,https://20.detik.com/detikupdate/20251021-251021123/video-kata-polisi-soal-viral-rumah-di-kudus-dibongkar-otk
Video: Kata Polisi Soal Viral Rumah di Kudus Dibongkar OTK,Detik.com,https://20.detik.com/detikupdate/20251021-251021127/video-detik-detik-kecelakaan-ka-vs-truk-di-kaligawe-semarang
Video: Detik-detik Kecelakaan KA Vs Truk di Kaligawe Semarang,Detik.com,https://news.detik.com/berita/d-8172088/232-siswa-tk-sma-di-maluku-keracunan-usai-santap-makan-bergizi-gratis
232 Siswa TK-SMA di Maluku Keracunan Usai Santap Makan Bergizi Gratis,Detik.com,https://news.detik.com/berita/d-8172084/pram-ke-dirut-mrt-soal-jembatan-donat-prioritas-ini-presiden-sudah-tahu
"Pram ke Dirut MRT soal Jembatan Donat: Prioritas Ini, Presiden Sudah Tahu",Detik.com,https://news.detik.com/berita/d-8172080/kpk-soroti-beda-data-izin-tambang-antara-kkp-kemenesdm-di-pulau-kecil-ri
KPK Soroti Beda Data Izin Tambang Antara KKP-KemenESDM di Pulau Kecil RI,Detik.com,https://20.detik.com/detikupdate/20251021-251021125/video-polri-siapkan-pelatihan-untuk-calon-kepala-sppg-di-indonesia-
Video: Polri Siapkan Pelatihan untuk Calon Kepala SPPG di Indonesia,Detik.com,https://news.detik.com/berita/d-8172071/rapat-internal-bareng-walkot-surakarta-bima-arya-ingin-apbd-lebih-sehat
"Rapat Internal Bareng Walkot Surakarta, Bima Arya Ingin APBD Lebih Sehat",Detik.com,https://news.detik.com/berita/d-8172068/jakarta-raih-top-71-kota-global-pramono-mungkin-karena-gubernurnya-lucu
"Jakarta Raih Top 71 Kota Global, Pramono: Mungkin karena Gubernurnya Lucu",Detik.com,https://news.detik.com/berita/d-8172066/viral-tukang-bakso-di-bogor-kecelakaan-hingga-tersiram-kuah-panas
Viral Tukang Bakso di Bogor Kecelakaan hingga Tersiram Kuah Panas,Detik.com,https://news.detik.com/berita/d-8172065/wujudkan-ruang-kerja-inklusif-pam-jaya-luncurkan-difabel-empowering
"Wujudkan Ruang Kerja Inklusif, PAM JAYA Luncurkan Difabel Empowering",Detik.com,https://news.detik.com/berita/d-8172051/geger-warung-epy-preman-pensiun-diusik-tukang-parkir-teler
Geger Warung Epy 'Preman Pensiun' Diusik Tukang Parkir Teler,Detik.com,https://news.detik.com/berita/d-8172049/pohon-tumbang-timpa-3-rumah-dan-posyandu-hingga-rusak-di-bogor
Pohon Tumbang Timpa 3 Rumah dan Posyandu hingga Rusak di Bogor,Detik.com,https://news.detik.com/berita/d-8172036/kemenbud-tanda-tangani-sejumlah-mou-dengan-kementerian-lembaga-terkait
"Heboh Isu Penculikan Anak di Flores, Polisi Pastikan Hoax",Detik.com Hoax,https://www.detik.com/bali/hukum-dan-kriminal/d-8161022/heboh-isu-penculikan-anak-di-flores-polisi-pastikan-hoax
Hoax Pembatasan Isi BBM dan Larangan buat Penunggak Pajak,Detik.com Hoax,https://oto.detik.com/berita/d-8151634/hoax-pembatasan-isi-bbm-dan-larangan-buat-penunggak-pajak
Duduk Perkara Heboh 'Pocong' di Bekasi Usai Warga Hilang Uang,Detik.com Hoax,https://news.detik.com/berita/d-8143948/duduk-perkara-heboh-pocong-di-bekasi-usai-warga-hilang-uang
"Viral Narasi 11 Orang Meninggal di Jabar Akibat Keracunan MBG, BGN Pastikan Hoax",Detik.com Hoax,https://health.detik.com/berita-detikhealth/d-8135471/viral-narasi-11-orang-meninggal-di-jabar-akibat-keracunan-mbg-bgn-pastikan-hoax
"Viral Kendaraan Pajak Mati Tak Boleh Isi BBM, Wakapolda Metro: Hoax!",Detik.com Hoax,https://news.detik.com/berita/d-8132170/viral-kendaraan-pajak-mati-tak-boleh-isi-bbm-wakapolda-metro-hoax
"Viral Foto Truk Tangki Pertamina Isi BBM di SPBU Shell, Dipastikan Hoax",Detik.com Hoax,https://oto.detik.com/berita/d-8131182/viral-foto-truk-tangki-pertamina-isi-bbm-di-spbu-shell-dipastikan-hoax
"Diisukan Meninggal, Andre Taulany Boyong Para Sahabat Untuk Makan Bersama",Detik.com Hoax,https://food.detik.com/foto-kuliner/d-6621378/diisukan-meninggal-andre-taulany-boyong-para-sahabat-untuk-makan-bersama
Potret Model Only Fans Jadi Korban Hoax Disebut Pacar Baru Gerard Pique,Detik.com Hoax,https://wolipop.detik.com/foto-entertainment/d-6536721/potret-model-only-fans-jadi-korban-hoax-disebut-pacar-baru-gerard-pique
Parah! Akun Twitter Palsu Centang Biru Bikin Resah,Detik.com Hoax,https://inet.detik.com/fotoinet/d-6400847/parah-akun-twitter-palsu-centang-biru-bikin-resah
Momen Hangat Wendi Cagur Saat Santap Bareng Keluarga,Detik.com Hoax,https://food.detik.com/foto-kuliner/d-5839598/momen-hangat-wendi-cagur-saat-santap-bareng-keluarga
Potret Politikus PDIP yang Laporkan Hoax 'Megawati Meninggal',Detik.com Hoax,https://news.detik.com/foto-news/d-5722652/potret-politikus-pdip-yang-laporkan-hoax-megawati-meninggal
Fakta di Balik Video Viral Pajak Kendaraan Mati Dilarang Beli BBM,Detik.com Hoax,https://oto.detik.com/berita/d-8131006/fakta-di-balik-video-viral-pajak-kendaraan-mati-dilarang-beli-bbm
Petinggi FIFA Jadi Korban Hoaks Soal Erick Thohir Rangkap Jabatan,Detik.com Hoax,https://sport.detik.com/sepakbola/liga-indonesia/d-8127124/petinggi-fifa-jadi-korban-hoaks-soal-erick-thohir-rangkap-jabatan
Blak-blakan Sule Terkait Kondisi Kesehatan,Detik.com Hoax,https://hot.detik.com/celeb/d-8114814/blak-blakan-sule-terkait-kondisi-kesehatan
"PKS Setuju 1 Orang 1 Akun di Tiap Medsos, Harap Minimalkan Hoax",Detik.com Hoax,https://news.detik.com/berita/d-8109813/pks-setuju-1-orang-1-akun-di-tiap-medsos-harap-minimalkan-hoax
Awas Hoax! Eko Patrio Minta Masyarakat Gak Termakan Isu Bohong Tentangnya,Detik.com Hoax,https://hot.detik.com/celeb/d-8106022/awas-hoax-eko-patrio-minta-masyarakat-gak-termakan-isu-bohong-tentangnya
Fakta 'Black Mamba' di Rumah Ahmad Sahroni yang Ternyata Hoax,Detik.com Hoax,https://health.detik.com/berita-detikhealth/d-8097033/fakta-black-mamba-di-rumah-ahmad-sahroni-yang-ternyata-hoax
"Viral Narasi Mobil Dijarah Usai Tertabrak KA di Kendal, Ini Faktanya",Detik.com Hoax,https://news.detik.com/berita/d-8095980/viral-narasi-mobil-dijarah-usai-tertabrak-ka-di-kendal-ini-faktanya
Jangan Tertipu! Akun TikTok @lokercpns7 Sebar Hoax 'Pendaftaran CPNS Imigrasi',Detik.com Hoax,https://news.detik.com/berita/d-8094946/jangan-tertipu-akun-tiktok-lokercpns7-sebar-hoax-pendaftaran-cpns-imigrasi
"Viral Kabar Pemutihan Utang Pinjol, OJK Bilang Begini",Detik.com Hoax,https://www.detik.com/bali/bisnis/d-8093314/viral-kabar-pemutihan-utang-pinjol-ojk-bilang-begini
Kabar Hoax Demo Hari Ini: Atrium Senen Dijarah-Pendemo Masuk Mal,Detik.com Hoax,https://inet.detik.com/cyberlife/d-8086490/kabar-hoax-demo-hari-ini-atrium-senen-dijarah-pendemo-masuk-mal
"Diisukan Meninggal, Andre Taulany Boyong Para Sahabat Untuk Makan Bersama",Detik.com Hoax,https://food.detik.com/foto-kuliner/d-6621378/diisukan-meninggal-andre-taulany-boyong-para-sahabat-untuk-makan-bersama
Potret Model Only Fans Jadi Korban Hoax Disebut Pacar Baru Gerard Pique,Detik.com Hoax,https://wolipop.detik.com/foto-entertainment/d-6536721/potret-model-only-fans-jadi-korban-hoax-disebut-pacar-baru-gerard-pique
Parah! Akun Twitter Palsu Centang Biru Bikin Resah,Detik.com Hoax,https://inet.detik.com/fotoinet/d-6400847/parah-akun-twitter-palsu-centang-biru-bikin-resah
Momen Hangat Wendi Cagur Saat Santap Bareng Keluarga,Detik.com Hoax,https://food.detik.com/foto-kuliner/d-5839598/momen-hangat-wendi-cagur-saat-santap-bareng-keluarga
Potret Politikus PDIP yang Laporkan Hoax 'Megawati Meninggal',Detik.com Hoax,https://news.detik.com/foto-news/d-5722652/potret-politikus-pdip-yang-laporkan-hoax-megawati-meninggal
"Video 'Massa Masuk Mal Atrium' Hoax, Polisi Imbau Warga Tak Terprovokasi",Detik.com Hoax,https://news.detik.com/berita/d-8085619/video-massa-masuk-mal-atrium-hoax-polisi-imbau-warga-tak-terprovokasi
Hoax! Influencer Bikin Konten Settingan Roti Kari Isi Paha Ayam Utuh,Detik.com Hoax,https://food.detik.com/info-kuliner/d-8078210/hoax-influencer-bikin-konten-settingan-roti-kari-isi-paha-ayam-utuh
Polisi Bantah Kabar Korban Tewas Saat Ricuh Usai Laga PSIM Vs Persib: Hoax!,Detik.com Hoax,https://www.detik.com/jogja/berita/d-8077739/polisi-bantah-kabar-korban-tewas-saat-ricuh-usai-laga-psim-vs-persib-hoax
Polisi Usut Akun WA Umar Hamkan soal Hoax Surat Izin PDAM Bayar Rp 10 Ribu,Detik.com Hoax,https://www.detik.com/sulsel/makassar/d-8072892/polisi-usut-akun-wa-umar-hamkan-soal-hoax-surat-izin-pdam-bayar-rp-10-ribu
Kronologi Akun WA Umar Hamkan Diduga Sebar Hoax Surat Izin Bayar Rp 10 Ribu,Detik.com Hoax,https://www.detik.com/sulsel/makassar/d-8072750/kronologi-akun-wa-umar-hamkan-diduga-sebar-hoax-surat-izin-bayar-rp-10-ribu
PDAM Makassar Polisikan Pemilik Akun WA Umar Hamkan soal Hoax Surat Izin Rp 10 Ribu,Detik.com Hoax,https://www.detik.com/sulsel/makassar/d-8072622/pdam-makassar-polisikan-pemilik-akun-wa-umar-hamkan-soal-hoax-surat-izin-rp-10-ribu
"Puskesmas di Karawang Diviralkan Rusak Akibat Gempa, BNPB Ungkap Faktanya",Detik.com Hoax,https://news.detik.com/berita/d-8071227/puskesmas-di-karawang-diviralkan-rusak-akibat-gempa-bnpb-ungkap-faktanya
"Video Sri Mulyani Kena Deepfake, Ini Pernyataan Aslinya soal Guru-Dosen",Detik.com Hoax,https://20.detik.com/detikupdate/20250820-250820011/video-sri-mulyani-kena-deepfake-ini-pernyataan-aslinya-soal-guru-dosen
"Video Sri Mulyani Sebut Guru Beban Negara Viral, Begini Kronologi-Klarifikasi dari Kemenkeu",Detik.com Hoax,https://www.detik.com/edu/edutainment/d-8069372/video-sri-mulyani-sebut-guru-beban-negara-viral-begini-kronologi-klarifikasi-dari-kemenkeu
Pernyataan Sri Mulyani Tentang Gaji Guru yang Diviralkan Jadi Beban Negara,Detik.com Hoax,https://finance.detik.com/berita-ekonomi-bisnis/d-8068950/pernyataan-sri-mulyani-tentang-gaji-guru-yang-diviralkan-jadi-beban-negara
"Diisukan Meninggal, Andre Taulany Boyong Para Sahabat Untuk Makan Bersama",Detik.com Hoax,https://food.detik.com/foto-kuliner/d-6621378/diisukan-meninggal-andre-taulany-boyong-para-sahabat-untuk-makan-bersama
Potret Model Only Fans Jadi Korban Hoax Disebut Pacar Baru Gerard Pique,Detik.com Hoax,https://wolipop.detik.com/foto-entertainment/d-6536721/potret-model-only-fans-jadi-korban-hoax-disebut-pacar-baru-gerard-pique
Parah! Akun Twitter Palsu Centang Biru Bikin Resah,Detik.com Hoax,https://inet.detik.com/fotoinet/d-6400847/parah-akun-twitter-palsu-centang-biru-bikin-resah
Momen Hangat Wendi Cagur Saat Santap Bareng Keluarga,Detik.com Hoax,https://food.detik.com/foto-kuliner/d-5839598/momen-hangat-wendi-cagur-saat-santap-bareng-keluarga
Potret Politikus PDIP yang Laporkan Hoax 'Megawati Meninggal',Detik.com Hoax,https://news.detik.com/foto-news/d-5722652/potret-politikus-pdip-yang-laporkan-hoax-megawati-meninggal
"Viral Sri Mulyani Sebut Guru Beban Negara, Kemenkeu Langsung Bantah",Detik.com Hoax,https://finance.detik.com/berita-ekonomi-bisnis/d-8068827/viral-sri-mulyani-sebut-guru-beban-negara-kemenkeu-langsung-bantah
"2 Polisi Tewas Saat Amankan Demo Pati Hoaks, Begini Faktanya",Detik.com Hoax,https://www.detik.com/jateng/berita/d-8060451/2-polisi-tewas-saat-amankan-demo-pati-hoaks-begini-faktanya
Ada Hoax Gibran Disebut Klarifikasi Janji 19 Juta Lapangan Kerja,Detik.com Hoax,https://inet.detik.com/cyberlife/d-8059241/ada-hoax-gibran-disebut-klarifikasi-janji-19-juta-lapangan-kerja
Tentang Jessica Radcliffe yang Dinarasikan Tewas Diserang Paus Orca,Detik.com Hoax,https://www.detik.com/kalimantan/berita/d-8057679/tentang-jessica-radcliffe-yang-dinarasikan-tewas-diserang-paus-orca
Kematian mahasiswa Timothy Anugerah dan dugaan perundungan di Universitas Udayana,BBC Indonesia,https://www.bbc.com/indonesia/articles/cn7eg3rk0kjo
Indonesia pulangkan dua warga UK terpidana mati dan seumur hidup kasus narkoba – Apa alasannya?,BBC Indonesia,https://www.bbc.com/indonesia/articles/c9v1y873gk3o
"Eks Kapolres Ngada divonis 19 tahun penjara, terbukti cabuli tiga anak dan unggah video di situs porno Australia",BBC Indonesia,https://www.bbc.com/indonesia/articles/cqx0q9dj5e8o
"Operasi CIA di Indonesia: Film porno, daftar perburuan komunis, hingga Metode Jakarta",BBC Indonesia,https://www.bbc.com/indonesia/articles/c77zrdg2gxyo
'Warga menjaga guru seperti darah daging mereka' – Siapa sebenarnya yang membunuh guru Melani Wamea di Yahukimo?,BBC Indonesia,https://www.bbc.com/indonesia/articles/cvgw8pp3zgyo
Sekolah-sekolah yang mengelola dapur mandiri di tengah ribuan kasus keracunan MBG,BBC Indonesia,https://www.bbc.com/indonesia/articles/c5y9j28r2wlo
Survei kinerja Prabowo – Apakah gelombang unjuk rasa diperhitungkan dan sejauh mana bias dalam klaim kepuasan publik?,BBC Indonesia,https://www.bbc.com/indonesia/articles/cj0e2ml1l6no
"Bagaimana militer, pengusaha, dan partai politik menopang kekuasaan Prabowo Subianto?",BBC Indonesia,https://www.bbc.com/indonesia/articles/cn8x77vpx3wo
"Setahun pemerintahan Prabowo – Citra 'kakek gemoy' berakhir, karakter militeristis kembali tampil",BBC Indonesia,https://www.bbc.com/indonesia/articles/c620402gy84o
Dilema pembangunan di Mandalika – Haruskah pariwisata Lombok meniru Bali?,BBC Indonesia,https://www.bbc.com/indonesia/articles/c206kry30exo
Setahun pemerintahan Prabowo-Gibran – 'Arah balik demokrasi' dan apa saja tantangan yang mungkin dihadapi ke depan?,BBC Indonesia,https://www.bbc.com/indonesia/articles/ce86yln4nmro
Pajak uang pensiun dan pesangon digugat ke MK – 'Mengapa negara tega?',BBC Indonesia,https://www.bbc.com/indonesia/articles/c4gkmyxrlj4o
'Kekerasan seksual di pesantren bukan dibesar-besarkan' – Lebih dari 40.000 santri rentan mengalami kekerasan seksual,BBC Indonesia,https://www.bbc.com/indonesia/articles/cpq1ddngdexo
'Jangan pisahkan Zahira dengan Mama' – Kisah ibu yang kewarganegaraannya ditolak Indonesia dan Malaysia,BBC Indonesia,https://www.bbc.com/indonesia/articles/c98d7gn0pypo
PSSI pecat Patrick Kluivert setelah gagal membawa Indonesia lolos ke Piala Dunia 2026,BBC Indonesia,https://www.bbc.com/indonesia/articles/ce8650dmn87o
Apakah renovasi Ponpes Al Khoziny di Sidoarjo dapat menggunakan APBN? – 'Jangan sampai niat baik langgar tata kelola',BBC Indonesia,https://www.bbc.com/indonesia/articles/cd7rxp91l84o
'Alarm keras' radiasi Cesium 137 – Mengapa pemerintah Indonesia baru bertindak setelah ada laporan dari AS?,BBC Indonesia,https://www.bbc.com/indonesia/articles/cx2lmlx4l02o
Isi percakapan Prabowo dan Trump di KTT Gaza yang terekam dan tersebar – Apa respons Menlu Sugiono?,BBC Indonesia,https://www.bbc.com/indonesia/articles/cp8yndk8zj9o
"Cerita sarjana yang sulit cari kerja dan mendaftar Program Magang Nasional – 'Tidak apa lari dari jurusan, yang penting kerja'",BBC Indonesia,https://www.bbc.com/indonesia/articles/cy9pezxew10o
Pengadilan Arbitrase Olahraga putuskan Israel tetap tak bisa ikuti Kejuaraan Dunia Gimnastik di Jakarta,BBC Indonesia,https://www.bbc.com/indonesia/articles/czew4wd67jro
Foto-foto yang disembunyikan jadi saksi peristiwa kekerasan 1965 – Dari pawai meriah PKI hingga dua jenazah tanpa nama,BBC Indonesia,https://www.bbc.com/indonesia/articles/cjed8w5qej0o
'Ekosida' Pantura: Bagaimana konversi lahan tani ke industri membunuh mimpi swasembada pangan,BBC Indonesia,https://www.bbc.com/indonesia/articles/cqxzx11l1dlo
"Menkeu Purbaya tolak utang kereta cepat ditanggung APBN, adakah solusi menyelesaikan beban utang proyek ini?",BBC Indonesia,https://www.bbc.com/indonesia/articles/cy040e58gn8o
Kebijakan 10% etanol pada BBM dikhawatirkan memperparah deforestasi dan konflik lahan,BBC Indonesia,https://www.bbc.com/indonesia/articles/ced5qvp2q3go
'Kami diadu perusahaan' – Penyerangan terhadap masyarakat adat penentang PSN Merauke,BBC Indonesia,https://www.bbc.com/indonesia/articles/c8d7z5e9qveo
'Ekosida' di Pantura: 'Kongkalikong' yang menggerus ruang hidup warga pesisir utara Jawa,BBC Indonesia,https://www.bbc.com/indonesia/articles/cvgr71nqv8wo
"Polisi mulai selidiki penyebab ambruknya Ponpes Al Khoziny, keluarga korban menanti kepastian identifikasi – 'Istri saya masih terbayang anaknya seolah masih hidup'",BBC Indonesia,https://www.bbc.com/indonesia/articles/c9dxzzxe8elo
Empat warga Pati ditangkap Polda Jateng terkait demo menuntut mundur Bupati Sudewo,BBC Indonesia,https://www.bbc.com/indonesia/articles/c1l81zznd51o
Polemik kebijakan Dedi Mulyadi minta warga Jabar donasi Rp1.000 per hari – 'Kalau dikorupsi bagaimana?',BBC Indonesia,https://www.bbc.com/indonesia/articles/cvg4j93gyjvo
"Ponpes Al Khoziny sebut ambruknya musala sebagai 'takdir dari Allah', polisi janji lakukan upaya hukum – 'Tidak bisa berlindung dengan dalih takdir'",BBC Indonesia,https://www.bbc.com/indonesia/articles/cvgqy3vg148o
"Gedung Pondok Pesantren Al Khoziny di Sidoarjo runtuh – Pencarian korban dihentikan, ditemukan 61 jenazah dan 7 bagian tubuh",BBC Indonesia,https://www.bbc.com/indonesia/articles/cy85116z2w3o
"'Ekosida' di Pantura: Pengembangan industri ancam pesisir utara Jawa makin cepat tenggelam – 'Banjir sudah puluhan tahun, ini pembiaran sistematis'",BBC Indonesia,https://www.bbc.com/indonesia/articles/cpd97en0l6qo
Meteor melintasi Cirebon dan jatuh di Laut Jawa – Seberapa besar ukuran dan apa dampaknya?,BBC Indonesia,https://www.bbc.com/indonesia/articles/cjd1vz1lm1go
"Tiga seniman perempuan Aceh melawan dominasi patriarki – 'Saya tidak menolak syariat, tapi kenapa fokusnya ke tubuh perempuan, dan bukan korupsi'",BBC Indonesia,https://www.bbc.com/indonesia/articles/cj4y1xj0kweo
"Video,
Cerita Alfatih, santri yang terjebak dua malam di reruntuhan Ponpes Al Khoziny
, Durasi 2,12",BBC Indonesia,https://www.bbc.com/indonesia/articles/cly7x107rrro
Teka-teki kematian siswi SMK di Bandung Barat yang dikaitkan keracunan MBG,BBC Indonesia,https://www.bbc.com/indonesia/articles/cly9ev6m5p9o
"Keresahan warga dekat pabrik sumber radioaktif di Banten – 'Mereka pakai masker, sarung tangan, tapi enggak ada yang menjelaskan'",BBC Indonesia,https://www.bbc.com/indonesia/articles/cx25jq5n588o
Kisah tim penyelamat mengevakuasi korban reruntuhan Ponpes Al Khoziny,BBC Indonesia,https://www.bbc.com/indonesia/articles/czjvlwr3m7mo
Prabowo instruksikan rapid test MBG – Apakah efektif cegah keracunan dan keberulangan status KLB?,BBC Indonesia,https://www.bbc.com/indonesia/articles/cx20wlvqlxvo
"Kesaksian santri ikut pengecoran Ponpes Al Khoziny – 'Seandainya masih di atas bangunan, tentu ikut jatuh'",BBC Indonesia,https://www.bbc.com/indonesia/articles/cx23xjl95pqo
Warga Aceh tuntut kompensasi pemadaman listrik berhari-hari – 'Pemadaman listrik terburuk pasca-konflik dan tsunami',BBC Indonesia,https://www.bbc.com/indonesia/articles/clyq79jy2v5o
"DPR sahkan Revisi UU BUMN – Kementerian BUMN dihapus, diubah menjadi Badan Pengaturan",BBC Indonesia,https://www.bbc.com/indonesia/articles/c07v509dpeko
Kesaksian korban selamat Ponpes Al Khoziny: 'Antara sadar dan mimpi dalam gelap',BBC Indonesia,https://www.bbc.com/indonesia/articles/cj3yp45pn7vo
'Manusia Jawa' kembali ke Indonesia – Sisi gelap penemuan Pithecanthropus Erectus,BBC Indonesia,https://www.bbc.com/indonesia/articles/cx20156y204o
Tiga terdakwa kasus pemerasan PPDS Undip divonis 'lebih ringan' dari tuntutan jaksa – 'Putusan ini tidak memberikan efek jera kepada pelaku',BBC Indonesia,https://www.bbc.com/indonesia/articles/cwyn2vn2lvno
"TNI diduga tembak warga di Asmat, Papua hingga tewas – 'Kenapa menangani orang mabuk harus pakai senjata?'",BBC Indonesia,https://www.bbc.com/indonesia/articles/cj4y049dj1vo
"Video,
Keluarga korban ponpes roboh: 'Apakah keponakan saya bisa ditemukan dengan selamat?'
, Durasi 2,07",BBC Indonesia,https://www.bbc.com/indonesia/articles/cj07p9dmjnyo
Tragedi 1965 dan 'mantra ampuh' di balik citra surgawi pariwisata Bali,BBC Indonesia,https://www.bbc.com/indonesia/articles/ckgexr2n031o
Trump dan Netanyahu menyepakati rencana perdamaian di Gaza – Apa sikap Indonesia?,BBC Indonesia,https://www.bbc.com/indonesia/articles/c8jmk3kn1lvo
"Ribuan kasus keracunan, SPPG terus beroperasi – 'Sertifikat laik kebersihan sedang diurus'",BBC Indonesia,https://www.bbc.com/indonesia/articles/c20327zvw43o
"Video,
Pesantren ambruk, ratusan siswa dievakuasi
, Durasi 1,34",BBC Indonesia,https://www.bbc.com/indonesia/articles/c0knryld242o
Tragedi 1965 di Padang Halaban – 'Tanah rakyat diambil tentara dengan memanfaatkan sentimen PKI',BBC Indonesia,https://www.bbc.com/indonesia/articles/cpdj5v87vyvo
Istana kembalikan akreditasi peliputan wartawan CNN Indonesia yang sempat dicabut — Kenapa hal ini tak boleh dianggap remeh?,BBC Indonesia,https://www.bbc.com/indonesia/articles/cvg94p69mdjo
MK putuskan UU Tapera bertentangan dengan UUD 1945 dan harus diubah – 'Tapera akan menjadi beban pekerja terlebih lagi bagi yang terkena PHK',BBC Indonesia,https://www.bbc.com/indonesia/articles/c9wp40k1l82o
"Tentara merampas tanah rakyat secara sistematis saat Tragedi 1965 – Dicap komunis, lahannya dipakai berbisnis",BBC Indonesia,https://www.bbc.com/indonesia/articles/cn43j9nxpg3o
Ribuan kasus keracunan akibat MBG – Evaluasi SPPG dan standar higienis jadi prioritas pemerintah,BBC Indonesia,https://www.bbc.com/indonesia/articles/cgj119359q4o
'Ekspektasi versus realita' – Apakah Bali telah menjadi korban kesuksesan pariwisata?,BBC Indonesia,https://www.bbc.com/indonesia/articles/c87y5ryg74lo
Di balik RUU Perampasan Aset: Kisah buron kakak Edy Tansil dan 'ketakutan dipakai sebagai alat gebuk negara',BBC Indonesia,https://www.bbc.com/indonesia/articles/cqxzqv9nedeo
"Video,
Bagaimana kebijakan Rp200 triliun Menkeu Purbaya bisa terasa oleh masyarakat?
, Durasi 5,33",BBC Indonesia,https://www.bbc.com/indonesia/articles/cx2j3djeprpo
"APBN 2026: Defisit Rp689,1 triliun – ‘Tingkatkan penerimaan, pajak kelas atas belum tergarap’",BBC Indonesia,https://www.bbc.com/indonesia/articles/c4gkw2wxpw2o
Apakah korban keracunan Makan Bergizi Gratis bisa menggugat pemerintah secara hukum?,BBC Indonesia,https://www.bbc.com/indonesia/articles/c4gvkvgm31mo
"IKN jadi ibu kota politik pada 2028, apa maksudnya?",BBC Indonesia,https://www.bbc.com/indonesia/articles/ce84gyj13l6o
"Dua karyawan Freeport yang terjebak di bawah tanah ditemukan meninggal dunia, polisi ungkap identitasnya",BBC Indonesia,https://www.bbc.com/indonesia/articles/cx27v7gx0v4o
Warga Pati kembali demo tuntut bupati lengser – Bagaimana mekanisme pemberhentian kepala daerah?,BBC Indonesia,https://www.bbc.com/indonesia/articles/c1ejd9vjv1wo
"Nestapa pengamen ondel-ondel Betawi – 'Kalau dilarang, kita makan apa?'",BBC Indonesia,https://www.bbc.com/indonesia/articles/cwyleell4k5o
"Video,
Uji formil UU TNI ditolak MK, apa dampaknya?
, Durasi 3,34",BBC Indonesia,https://www.bbc.com/indonesia/articles/cvg4nyp1mg9o
Mengapa Prabowo merekrut sejumlah eks-tentara pada era tragedi 1998?,BBC Indonesia,https://www.bbc.com/indonesia/articles/c20z9prlp61o
"Kerusuhan di Kabupaten Yalimo, Papua Pegunungan, disinyalir dipicu ucapan rasis pelajar SMA – Mengapa kasus rasisme selalu berulang?",BBC Indonesia,https://www.bbc.com/indonesia/articles/c864gg4qxgvo
Polisi tembak polisi hingga tewas di Sumbar divonis hukuman penjara seumur hidup,BBC Indonesia,https://www.bbc.com/indonesia/articles/c62lgx3ldz6o
MK tolak uji formil UU TNI – Apa alasannya dan bagaimana dampaknya?,BBC Indonesia,https://www.bbc.com/indonesia/articles/c89devjzzejo
"Prabowo lantik Djamari Chaniago sebagai Menko Polkam, Eric Thohir Menpora",BBC Indonesia,https://www.bbc.com/indonesia/articles/cq8ezxel50do
"Video,
Kiprah perempuan adat Yenbuba merestorasi terumbu karang Raja Ampat yang rusak
, Durasi 2,40",BBC Indonesia,https://www.bbc.com/indonesia/articles/crkz3757gnpo
