Title,Source
Aura Persaingan Kelas Dunia Berpendar di Indonesia Arena,CNN Indonesia
"Survei SPIN: Zulhas Menko Berkinerja Terbaik, AHY Paling Populer",CNN Indonesia
Prabowo Perintahkan Mentan Revitalisasi Pabrik Pupuk RI,CNN Indonesia
"9 Makanan untuk Kecerdasan Otak Anak, Bikin Si Kecil Jadi Juara Kelas",CNN Indonesia
VIDEO: PSSI Pecat Patrick Kluivert Sebagai Pelatih Timnas Indonesia,CNN Indonesia
"Makin Panas, AS Kirim Pesawat Bomber B-52 ke Perbatasan Venezuela",CNN Indonesia
Trump Yakin FIFA Bisa Pindah Lokasi Piala Dunia 2026,CNN Indonesia
Bolehkah Sholat Tahajud Tanpa Tidur? Ini Dalil dan Pendapat Ulama,CNN Indonesia
6 Polisi di Polda Gorontalo Dipecat Akibat Pelanggaran Disiplin,CNN Indonesia
VIDEO: Seluruh Korban Al Khoziny Berhasil Diidentifikasi,CNN Indonesia
Luhut Sorot Utang Whoosh Bikin RI Ribut: Siapa yang Minta APBN?,CNN Indonesia
"Tim Nikita Nilai Dakwaan JPU Tak Terbukti, Minta Bebas Segala Tuntutan",CNN Indonesia
VIDEO: Unjuk Rasa Hari Pangan Sedunia Ricuh,CNN Indonesia
Deret Blunder Kluivert di Timnas Indonesia Berujung Pisah,CNN Indonesia
"Indonesia Punya 20 Perjanjian Dagang dengan Asing, Ada CEPA-FTA",CNN Indonesia
"VIDEO: Sambil Piknik, Para Ibu Protes Kasus Keracunan MBG",CNN Indonesia
Acara Kesadaran Kanker Payudara di Korea Tuai Kritik Keras Netizen,CNN Indonesia
"KPK: WNA Pimpin BUMN Tetap Wajib LHKPN, Bisa Dipidana Jika Korupsi",CNN Indonesia
"VIDEO: Krisis Pasokan, WHO Kirim Tiga Truk Bantuan Medis ke Gaza",CNN Indonesia
Luhut Heran Diadu dengan Purbaya: Familly Office Enggak Pakai APBN,CNN Indonesia
Mobil Impor BYD Atto 1 Sudah Sampai di Indonesia,CNN Indonesia
VIDEO: Apa yang Harus Dilakukan Jika Terjadi Kebocoran Gas?,CNN Indonesia
Klub Calvin Verdonk Ucap 'Nuhun' ke Patrick Kluivert,CNN Indonesia
"VIDEO: Ledakan Gas, Lima Rumah Rusak",CNN Indonesia
KKP Siapkan 100 Kampung Nelayan Merah Putih Tahun Ini,CNN Indonesia
"Sinopsis Blood Diamond, Bioskop Trans TV 16 Oktober 2025",CNN Indonesia
"Indonesia Diprediksi Tenggelam Lebih Cepat, BMKG Ungkap Pemicunya",CNN Indonesia
Harimau Sumatera Terjebak di Kantor BRIN Agam Usai Kejar Anjing,CNN Indonesia
"VIDEO: Tak Hanya Indonesia, Suhu Panas Ekstrem Landa Thailand",CNN Indonesia
Putusan MK: OTT Terhadap Jaksa Tak Perlu Lagi Seizin Jaksa Agung,CNN Indonesia
Britney Spears Tak Terima Mantan Suami Ungkap Aib Pernikahan,CNBC Indonesia
"Panggil Menteri di Kertanegara, Prabowo Titah Aturan DHE Dimaksimalkan",CNBC Indonesia
"Review AlloFresh: Gratis Ongkir Berkali-kali, Buka Hingga Tengah Malam",CNBC Indonesia
Video: PMI-Sampoerna Perkuat Komitmen Inovasi Produk Bebas Asap,CNBC Indonesia
2 Raksasa Eropa Terancam Bangkrut: Inggris & Prancis,CNBC Indonesia
"Bos Danantara Buka Opsi Rekrut WNA Jadi Bos BUMN, Ini Kriterianya",CNBC Indonesia
"Anggaran MBG Rp 70 T Dikembalikan, Purbaya Masih Kejar Lagi",CNBC Indonesia
"Fix! Trump Akan Hadiri KTT APEC Korsel 29 Oktober, Bertemu Xi Jinping",CNBC Indonesia
Video: Transformasi Digital Bethsaida Bukti Kesiapan Bersaing Global,CNBC Indonesia
Bos HSBC Ungkap 48% Treasury Bank RI Sulit Transaksi Real Time,CNBC Indonesia
Makanan Asli RI Ini Dicap Sakti Sampai Diburu Orang Sedunia,CNBC Indonesia
Nasihat Pakar Keuangan: Jangan Timbun Uang di Rekening,CNBC Indonesia
"5 Operasi Tidak Gratis Meski Punya BPJS Kesehatan, Catat!",CNBC Indonesia
Berapa Sebenarnya Total Utang Kereta Cepat Whoosh?,CNBC Indonesia
"Bos Buruh Tolak Pukul Rata Kenaikan UMP 2026: Karawang Bisa Rp6,5 Juta",CNBC Indonesia
"Bahas Pemutihan Utang di Bawah Rp1 Juta, Purbaya Bakal Datangi OJK",CNBC Indonesia
"Nomor 1 di Indonesia, HP China Tak Terkenal Laris Manis di Afrika",CNBC Indonesia
"Fakta Baru! Yakuza Sudah Tak Perkasa Lagi di Jepang, Segera Hilang",CNBC Indonesia
"Maman Komplain Soal Bea Cukai, Purbaya: Kenapa Enggak Lapor Saya?",CNBC Indonesia
Video: Bulog Genjot Inovasi dan Modernisasi Logistik Beras Nasional,CNBC Indonesia
"Polri Ungkap Sebagian Besar Tambang Ilegal Ada Bekingnya, Siapa?",CNBC Indonesia
Haji Robert & Hapsoro Jual Lagi Saham Emiten Prajogo (PTRO),CNBC Indonesia
Kementan Siapkan Aturan Untuk Penyelamatan Penggilingan Padi Kecil,CNBC Indonesia
"Di Hari Pangan Dunia, Zulhas: RI Surplus Beras, Petani Makin Sejahtera",CNBC Indonesia
Luhut Bakal Evaluasi Bansos Digital Minggu Depan,CNBC Indonesia
Makanan Asli RI Ini Dicap Sakti Sampai Diburu Orang Sedunia,CNBC Indonesia
Nasihat Pakar Keuangan: Jangan Timbun Uang di Rekening,CNBC Indonesia
"5 Operasi Tidak Gratis Meski Punya BPJS Kesehatan, Catat!",CNBC Indonesia
Berapa Sebenarnya Total Utang Kereta Cepat Whoosh?,CNBC Indonesia
"Bos Buruh Tolak Pukul Rata Kenaikan UMP 2026: Karawang Bisa Rp6,5 Juta",CNBC Indonesia
Video: Strategi Rumah Sakit Hadapi Tantangan Keamanan Data AI,CNBC Indonesia
"Emas Fisik & Digital Punya Karakteristik Berbeda, Lebih Unggul Mana?",CNBC Indonesia
Lapor Pak Purbaya! Negara Ini Berani Pasang Tarif PPN 8%,CNBC Indonesia
"Prabowo Ingin Harga Pupuk Turun, Begini Arahannya",CNBC Indonesia
"Bos Bulog Sebar 1/2 Juta Ton beras SPHP, Bangun 100 Gudang Canggih",CNBC Indonesia
"Warren Buffett Borong 13 Saham Senilai Rp64 Triliun, Ini Daftarnya",CNBC Indonesia
"Petaka Buat Driver Online Meluas, Eropa Sudah Terdampak",CNBC Indonesia
Video: Transformasi Digital Dorong Layanan Kesehatan Kian Terpadu,CNBC Indonesia
"KKP Fokus Kebut Bangun Cold Storage di sini, Kondisi Terkini Begini",CNBC Indonesia
"Export Talks, Cara Kemendag Dorong Eksportir Urus Perizinan Online",CNBC Indonesia
Makanan Asli RI Ini Dicap Sakti Sampai Diburu Orang Sedunia,CNBC Indonesia
Nasihat Pakar Keuangan: Jangan Timbun Uang di Rekening,CNBC Indonesia
"5 Operasi Tidak Gratis Meski Punya BPJS Kesehatan, Catat!",CNBC Indonesia
Berapa Sebenarnya Total Utang Kereta Cepat Whoosh?,CNBC Indonesia
"Bos Buruh Tolak Pukul Rata Kenaikan UMP 2026: Karawang Bisa Rp6,5 Juta",CNBC Indonesia
"Produksi Beras Nasional Berlebih tapi Harga di Pasar Naik, Ada Apakah?",Detik.com
Ketua Fraksi PKB MPR Apresiasi Prabowo Teken Perjanjian Perdamaian Gaza,Detik.com
Ortu Siswa SMAN 1 Cimarga Cabut Laporan Usai Damai dengan Kepsek,Detik.com
Waka MPR Dorong agar Karya Ilmiah Mampu Menghadirkan Manfaat Luas,Detik.com
"Banjir Lumpur Terjang Meksiko, Rumah Warga Rusak Parah",Detik.com
TransJ Perpendek Rute Koridor 13 Imbas Kebakaran Bengkel di Ciledug Jaksel,Detik.com
KPK Ungkap Nama Pegawai Lepas Dipakai Cairkan Proyek di Kasus Korupsi Rp 80 M,Detik.com
Bobby Nasution Dukung Percepatan Implementasi BRT Mebidang,Detik.com
"Sambut Nataru, ASDP Pastikan Layanan Penyeberangan Aman-Lancar",Detik.com
"Video Prabowo Panggil Menkeu Purbaya-Menhan Sjafrie, Beri Tugas Ini",Detik.com
Alasan Pelapor Polisikan Ketua Ormas Pemeras di Riau: Investor Kabur,Detik.com
Ammar Zoni Segera Diadili Terkait Kasus Jual Narkoba di Rutan,Detik.com
KPK: 1 Kg Anoda Logam Hanya Jadi 3 Gram Emas di Kasus Jerat Loco Montrado,Detik.com
Kejagung Pastikan Jaksa Punya Sistem Monitor Kopdes Merah Putih,Detik.com
"Cara Usul Jabatan Fungsional ASN, Ini Tahapannya",Detik.com
MK: Warga Turun-temurun di Hutan Bisa Berkebun Tanpa Izin Asal Tak Komersial,Detik.com
Pramono Ngaku Dapat Lampu Hijau Kejati-KPK Bongkar Tiang Monorel Mangkrak,Detik.com
Video KPK Buka Lowongan 6 Jabatan Pimpinan Tinggi Khusus ASN,Detik.com
"Periksa Pramugari, KPK Dalami Penggunaan Uang di Kasus Dana Operasional Papua",Detik.com
Jalanan Barcelona Memanas Saat Demo Buruh Pro-Palestina,Detik.com
"Periksa Pramugari, KPK Dalami Penggunaan Uang di Kasus Dana Operasional Papua",Detik.com
Jalanan Barcelona Memanas Saat Demo Buruh Pro-Palestina,Detik.com
"Survei SPIN: Kinerja Yandri Susanto Diapresiasi Publik, Masuk Menteri Terbaik",Detik.com
"Video: Cuaca Panas di Majalengka, Tukang Service AC Diburu Warga",Detik.com
"Kapolda Banten Luncurkan Roadmap Maung Presisi, Harap Jajaran Makin Responsif",Detik.com
Kesaksian Warga soal Kawanan Monyet Masuk Area Perumahan di Depok,Detik.com
"Bengkel di Jalan Ciledug Raya Jaksel Terbakar, TransJ Terdampak",Detik.com
Komisi XIII DPR Sepakat Bentuk Panja Benahi Pengawasan Lapas,Detik.com
Lebaran 2026 Jatuh pada Bulan Apa? Simak Juga Periode Liburnya,Detik.com
"MK Bacakan Putusan 17 Perkara Sekaligus, Bahas UU ASN hingga TNI",Detik.com
5 Berita Terpopuler Internasional Hari Ini,Detik.com
140 Pegawai Lapas Bermasalah Akan Dilatih di Nusakambangan,Detik.com
Dunia Hari Ini: 3 Pria Australia yang Membunuh di Bali Terancam Hukuman Mati,Detik.com
"Menkum Pastikan Tak Ada Dualisme SOKSI, Misbakhun Ketum Sah",Detik.com
Apa Itu Lapas Super Maximum Security? Kenali Level Keamanannya,Detik.com
Netanyahu Tegaskan Israel Akan Capai Semua Tujuan Perang Gaza,Detik.com
"Ammar Zoni Dipindah ke Nusakambangan, Sidangnya Akan Digelar Via Zoom",Detik.com
"Viral Kawanan Monyet Masuk Area Perumahan di Depok, Warga Panggil Damkar",Detik.com
"Jatuh Usai Gagal Nyalip, 3 Orang Sekeluarga Boncengan Motor di Bogor Terluka",Detik.com
Simak! Tips Menghadapi Cuaca Panas Ekstrem di Indonesia,Detik.com
Bima Arya Puji Efisiensi Anggaran dan Pengendalian Inflasi Pemda Riau,Detik.com
Modus Pemerasan Ketua Ormas di Riau: Ancam Demo dan Sebar Berita Online,Detik.com
"Pria Bakar Istri di Jaktim DPO Sejak 2024, Dulu Viral Ngamuk Tak Bayar Bubur",Detik.com
"Video: Ammar Zoni Masuk Kategori Tahanan High Risk, Apa Artinya?",Detik.com
MK Tak Terima Uji Materiil UU Tipikor: Gugatan Prematur,Detik.com
Tebing Malibo Anai Diproteksi untuk Amankan Jalan Nasional,Detik.com
Mobil Tabrak Pembatas Jalan di Pakansari Bogor gegara Sopir Mengantuk,Detik.com
"Misbakhun Bicara Urgensi Revisi UU P2SK, Tegaskan Tak Ubah Independensi BI",Detik.com
"Wanita Hamil Tewas di Hotel Palembang, Pembunuhnya Ditangkap",Detik.com
Jaksa Bangladesh Tuntut Hukuman Mati untuk Mantan PM Sheikh Hasina,Detik.com
"Curhat ke Andra Soni, Nelayan Keluhkan Kapalnya Kerap Tertabrak Tongkang",Detik.com
Seberapa Realistis Rencana Perlucutan Senjata Hamas?,Detik.com
"Kontak Tembak dengan TNI, 14 Anggota OPM Undius Kogoya Tewas di Intan Jaya",Detik.com
Video Pembunuh Wanita Hamil yang Tewas di Hotel Palembang Didor Polisi,Detik.com
"Rapat Pimpinan DPR-KPI-Komdigi dengan Trans7, Ini Hasilnya",Detik.com
Dishub Kota Bogor Bakal Larang 1.940 Angkot Tua Beroperasi Mulai 2026,Detik.com
"Survei SPIN: Zulhas Menko dengan Kinerja Terbaik, AHY Paling Populer",Detik.com
Puluhan Gubuk Eks Prostitusi Gang Royal Tepi Rel Jakbar Dibongkar,Detik.com
MK Tak Terima Gugatan Partai Buruh soal Ambang Batas Parlemen,Detik.com
Kementrans Nilai Papua Selatan Potensial Jadi Pusat Layanan Kesehatan,Detik.com
PSSI pecat Patrick Kluivert setelah gagal membawa Indonesia lolos ke Piala Dunia 2026,BBC Indonesia
Apakah renovasi Ponpes Al Khoziny di Sidoarjo dapat menggunakan APBN? – 'Jangan sampai niat baik langgar tata kelola',BBC Indonesia
'Alarm keras' radiasi Cesium 137 – Mengapa pemerintah Indonesia baru bertindak setelah ada laporan dari AS?,BBC Indonesia
Isi percakapan Prabowo dan Trump di KTT Gaza yang terekam dan tersebar – Apa respons Menlu Sugiono?,BBC Indonesia
"Cerita sarjana yang sulit cari kerja dan mendaftar Program Magang Nasional – 'Tidak apa lari dari jurusan, yang penting kerja'",BBC Indonesia
Pengadilan Arbitrase Olahraga putuskan Israel tetap tak bisa ikuti Kejuaraan Dunia Gimnastik di Jakarta,BBC Indonesia
Foto-foto yang disembunyikan jadi saksi peristiwa kekerasan 1965 – Dari pawai meriah PKI hingga dua jenazah tanpa nama,BBC Indonesia
'Ekosida' Pantura: Bagaimana konversi lahan tani ke industri membunuh mimpi swasembada pangan,BBC Indonesia
"Menkeu Purbaya tolak utang kereta cepat ditanggung APBN, adakah solusi menyelesaikan beban utang proyek ini?",BBC Indonesia
Kebijakan 10% etanol pada BBM dikhawatirkan memperparah deforestasi dan konflik lahan,BBC Indonesia
'Jangan pisahkan Zahira dengan Mama' – Kisah ibu yang kewarganegaraannya ditolak Indonesia dan Malaysia,BBC Indonesia
"'Siswa sekolah sempat dipulangkan, tiang listrik bergoyang' – Kesaksian warga Sangihe dan Talaud Sulawesi Utara saat gempa magnitudo 7,4 mengguncang",BBC Indonesia
'Kami diadu perusahaan' – Penyerangan terhadap masyarakat adat penentang PSN Merauke,BBC Indonesia
'Ekosida' di Pantura: 'Kongkalikong' yang menggerus ruang hidup warga pesisir utara Jawa,BBC Indonesia
"Polisi mulai selidiki penyebab ambruknya Ponpes Al Khoziny, keluarga korban menanti kepastian identifikasi – 'Istri saya masih terbayang anaknya seolah masih hidup'",BBC Indonesia
Empat warga Pati ditangkap Polda Jateng terkait demo menuntut mundur Bupati Sudewo,BBC Indonesia
Polemik kebijakan Dedi Mulyadi minta warga Jabar donasi Rp1.000 per hari – 'Kalau dikorupsi bagaimana?',BBC Indonesia
"Ponpes Al Khoziny sebut ambruknya musala sebagai 'takdir dari Allah', polisi janji lakukan upaya hukum – 'Tidak bisa berlindung dengan dalih takdir'",BBC Indonesia
"Gedung Pondok Pesantren Al Khoziny di Sidoarjo runtuh – Pencarian korban dihentikan, ditemukan 61 jenazah dan 7 bagian tubuh",BBC Indonesia
"'Ekosida' di Pantura: Pengembangan industri ancam pesisir utara Jawa makin cepat tenggelam – 'Banjir sudah puluhan tahun, ini pembiaran sistematis'",BBC Indonesia
Meteor melintasi Cirebon dan jatuh di Laut Jawa – Seberapa besar ukuran dan apa dampaknya?,BBC Indonesia
"Tiga seniman perempuan Aceh melawan dominasi patriarki – 'Saya tidak menolak syariat, tapi kenapa fokusnya ke tubuh perempuan, dan bukan korupsi'",BBC Indonesia
"Video,
Cerita Alfatih, santri yang terjebak dua malam di reruntuhan Ponpes Al Khoziny
, Durasi 2,12",BBC Indonesia
Teka-teki kematian siswi SMK di Bandung Barat yang dikaitkan keracunan MBG,BBC Indonesia
"Keresahan warga dekat pabrik sumber radioaktif di Banten – 'Mereka pakai masker, sarung tangan, tapi enggak ada yang menjelaskan'",BBC Indonesia
Kisah tim penyelamat mengevakuasi korban reruntuhan Ponpes Al Khoziny,BBC Indonesia
Prabowo instruksikan rapid test MBG – Apakah efektif cegah keracunan dan keberulangan status KLB?,BBC Indonesia
"Kesaksian santri ikut pengecoran Ponpes Al Khoziny – 'Seandainya masih di atas bangunan, tentu ikut jatuh'",BBC Indonesia
Warga Aceh tuntut kompensasi pemadaman listrik berhari-hari – 'Pemadaman listrik terburuk pasca-konflik dan tsunami',BBC Indonesia
"DPR sahkan Revisi UU BUMN – Kementerian BUMN dihapus, diubah menjadi Badan Pengaturan",BBC Indonesia
Kesaksian korban selamat Ponpes Al Khoziny: 'Antara sadar dan mimpi dalam gelap',BBC Indonesia
'Manusia Jawa' kembali ke Indonesia – Sisi gelap penemuan Pithecanthropus Erectus,BBC Indonesia
Tiga terdakwa kasus pemerasan PPDS Undip divonis 'lebih ringan' dari tuntutan jaksa – 'Putusan ini tidak memberikan efek jera kepada pelaku',BBC Indonesia
"TNI diduga tembak warga di Asmat, Papua hingga tewas – 'Kenapa menangani orang mabuk harus pakai senjata?'",BBC Indonesia
"Video,
Keluarga korban ponpes roboh: 'Apakah keponakan saya bisa ditemukan dengan selamat?'
, Durasi 2,07",BBC Indonesia
Tragedi 1965 dan 'mantra ampuh' di balik citra surgawi pariwisata Bali,BBC Indonesia
Trump dan Netanyahu menyepakati rencana perdamaian di Gaza – Apa sikap Indonesia?,BBC Indonesia
"Ribuan kasus keracunan, SPPG terus beroperasi – 'Sertifikat laik kebersihan sedang diurus'",BBC Indonesia
"Video,
Pesantren ambruk, ratusan siswa dievakuasi
, Durasi 1,34",BBC Indonesia
Tragedi 1965 di Padang Halaban – 'Tanah rakyat diambil tentara dengan memanfaatkan sentimen PKI',BBC Indonesia
Istana kembalikan akreditasi peliputan wartawan CNN Indonesia yang sempat dicabut — Kenapa hal ini tak boleh dianggap remeh?,BBC Indonesia
MK putuskan UU Tapera bertentangan dengan UUD 1945 dan harus diubah – 'Tapera akan menjadi beban pekerja terlebih lagi bagi yang terkena PHK',BBC Indonesia
"Tentara merampas tanah rakyat secara sistematis saat Tragedi 1965 – Dicap komunis, lahannya dipakai berbisnis",BBC Indonesia
Ribuan kasus keracunan akibat MBG – Evaluasi SPPG dan standar higienis jadi prioritas pemerintah,BBC Indonesia
'Ekspektasi versus realita' – Apakah Bali telah menjadi korban kesuksesan pariwisata?,BBC Indonesia
Di balik RUU Perampasan Aset: Kisah buron kakak Edy Tansil dan 'ketakutan dipakai sebagai alat gebuk negara',BBC Indonesia
"Video,
Bagaimana kebijakan Rp200 triliun Menkeu Purbaya bisa terasa oleh masyarakat?
, Durasi 5,33",BBC Indonesia
"APBN 2026: Defisit Rp689,1 triliun – ‘Tingkatkan penerimaan, pajak kelas atas belum tergarap’",BBC Indonesia
Apakah korban keracunan Makan Bergizi Gratis bisa menggugat pemerintah secara hukum?,BBC Indonesia
"IKN jadi ibu kota politik pada 2028, apa maksudnya?",BBC Indonesia
"Eks Kapolres Ngada dituntut 20 tahun penjara, diduga cabuli tiga anak dan unggah video di situs porno Australia",BBC Indonesia
"Dua karyawan Freeport yang terjebak di bawah tanah ditemukan meninggal dunia, polisi ungkap identitasnya",BBC Indonesia
Warga Pati kembali demo tuntut bupati lengser – Bagaimana mekanisme pemberhentian kepala daerah?,BBC Indonesia
"Nestapa pengamen ondel-ondel Betawi – 'Kalau dilarang, kita makan apa?'",BBC Indonesia
"Video,
Uji formil UU TNI ditolak MK, apa dampaknya?
, Durasi 3,34",BBC Indonesia
Mengapa Prabowo merekrut sejumlah eks-tentara pada era tragedi 1998?,BBC Indonesia
"Kerusuhan di Kabupaten Yalimo, Papua Pegunungan, disinyalir dipicu ucapan rasis pelajar SMA – Mengapa kasus rasisme selalu berulang?",BBC Indonesia
Polisi tembak polisi hingga tewas di Sumbar divonis hukuman penjara seumur hidup,BBC Indonesia
MK tolak uji formil UU TNI – Apa alasannya dan bagaimana dampaknya?,BBC Indonesia
"Prabowo lantik Djamari Chaniago sebagai Menko Polkam, Eric Thohir Menpora",BBC Indonesia
"Video,
Kiprah perempuan adat Yenbuba merestorasi terumbu karang Raja Ampat yang rusak
, Durasi 2,40",BBC Indonesia
Video Presiden Prabowo tayang di bioskop – Apakah praktik Orde Baru hadir kembali?,BBC Indonesia
"Stok BBM di SPBU swasta nyaris nihil, apa dampak dugaan monopoli terhadap konsumen?",BBC Indonesia
'Paket stimulus ekonomi 8+4+5' demi kejar target pertumbuhan ekonomi – Apa saja yang perlu diketahui?,BBC Indonesia
Lima anggota geng ditangkap terkait pembunuhan staf KBRI di Peru – Bagaimana perkembangan investigasi sejauh ini?,BBC Indonesia
Presiden Prabowo akan bagikan 330 ribu televisi pintar ke sekolah – Apakah program ini tepat sasaran?,BBC Indonesia
"Video,
Apa hubungan bendera One Piece di demonstrasi Nepal dan Prancis dengan Indonesia?
, Durasi 3,43",BBC Indonesia
Di balik 'Norma: Antara Mertua dan Menantu' – Mengapa film tema selingkuh digemari di Asia Tenggara?,BBC Indonesia
Dua pria Australia ditangkap atas tuduhan memasok senjata api ke TPNPB-OPM,BBC Indonesia
Mahasiswa Indonesia meninggal setelah menemani kunjungan pejabat ke Austria,BBC Indonesia
Anggota TNI jadi tersangka kasus dugaan pembunuhan kepala cabang BRI – Ada apa di balik kasus ini?,BBC Indonesia
"Suntikan dana pemerintah Rp200 triliun ke perbankan, apa yang patut diketahui?",BBC Indonesia
